ID	chromosome	hg19_variant_position	reference	variant	exon_start	exon_end	HepG2_delta_psi	HepG2_ref_psi
chr1_114161116_C_A	chr1	114161116	C	A	114161154	114161228	11.5780915428	48.8849335316
chr1_114161130_T_C	chr1	114161130	T	C	114161154	114161228	-4.36239887169	48.8849335316
chr1_114161136_AT_A	chr1	114161136	AT	A	114161154	114161228	2.05407436475	48.8849335316
chr1_114161147_C_T	chr1	114161147	C	T	114161154	114161228	-18.4549823282	48.8849335316
chr1_114161148_G_A	chr1	114161148	G	A	114161154	114161228	-21.9794171454	48.8849335316
chr1_114161167_G_A	chr1	114161167	G	A	114161154	114161228	-23.1806118628	48.8849335316
chr1_114161181_G_A	chr1	114161181	G	A	114161154	114161228	30.6105796185	48.8849335316
chr1_114161186_G_A	chr1	114161186	G	A	114161154	114161228	-3.66394029751	48.8849335316
chr1_114161197_G_A	chr1	114161197	G	A	114161154	114161228	-7.6011530561	48.8849335316
chr1_114161213_C_T	chr1	114161213	C	T	114161154	114161228	-17.097357957	48.8849335316
chr1_114161214_G_A	chr1	114161214	G	A	114161154	114161228	-22.1336722527	48.8849335316
chr1_114161249_T_A	chr1	114161249	T	A	114161154	114161228	-12.5571851133	48.8849335316
chr1_115456548_AT_A	chr1	115456548	AT	A	115456596	115456666	-9.19134706155	78.6457004893
chr1_115456561_CAA_C	chr1	115456561	CAA	C	115456596	115456666	-9.72792905727	78.6457004893
chr1_115456564_A_C	chr1	115456564	A	C	115456596	115456666	-6.90654056728	78.6457004893
chr1_115456569_T_C	chr1	115456569	T	C	115456596	115456666	0.714430421985	78.6457004893
chr1_115456574_A_G	chr1	115456574	A	G	115456596	115456666	-7.224518512	78.6457004893
chr1_115456586_A_G	chr1	115456586	A	G	115456596	115456666	-4.30481048281	78.6457004893
chr1_115456607_G_T	chr1	115456607	G	T	115456596	115456666	-9.23154501414	78.6457004893
chr1_115456609_A_T	chr1	115456609	A	T	115456596	115456666	-24.9787026895	78.6457004893
chr1_115456638_A_T	chr1	115456638	A	T	115456596	115456666	-13.1294408403	78.6457004893
chr1_115456640_T_C	chr1	115456640	T	C	115456596	115456666	3.83888495157	78.6457004893
chr1_115456644_C_G	chr1	115456644	C	G	115456596	115456666	-5.12695945071	78.6457004893
chr1_115456645_A_C	chr1	115456645	A	C	115456596	115456666	-8.28344825844	78.6457004893
chr1_115456647_G_A	chr1	115456647	G	A	115456596	115456666	-28.3309060417	78.6457004893
chr1_115456658_C_G	chr1	115456658	C	G	115456596	115456666	-9.22112693197	78.6457004893
chr1_115456661_A_G	chr1	115456661	A	G	115456596	115456666	-12.775894665	78.6457004893
chr1_115456672_A_C	chr1	115456672	A	C	115456596	115456666	-9.10895707476	78.6457004893
chr1_115456677_C_T	chr1	115456677	C	T	115456596	115456666	-2.61044176707	78.6457004893
chr1_115456685_C_T	chr1	115456685	C	T	115456596	115456666	-4.5303163875	78.6457004893
chr1_115456686_CT_GT	chr1	115456686	CT	GT	115456596	115456666	-13.1744777706	78.6457004893
chr1_115456691_T_C	chr1	115456691	T	C	115456596	115456666	-0.821748532592	78.6457004893
chr1_115456695_T_C	chr1	115456695	T	C	115456596	115456666	-5.77069339304	78.6457004893
chr1_119584866_TG_T	chr1	119584866	TG	T	119584887	119584972	4.86765821824	88.5982550349
chr1_119584867_G_C	chr1	119584867	G	C	119584887	119584972	4.1645021645	88.5982550349
chr1_119584882_C_T	chr1	119584882	C	T	119584887	119584972	-11.6041517538	88.5982550349
chr1_119584893_A_C	chr1	119584893	A	C	119584887	119584972	2.44514430761	88.5982550349
chr1_119584902_T_A	chr1	119584902	T	A	119584887	119584972	-1.48331025996	88.5982550349
chr1_119584903_C_T	chr1	119584903	C	T	119584887	119584972	-0.973174366617	88.5982550349
chr1_119584904_G_T	chr1	119584904	G	T	119584887	119584972	-1.71297242084	88.5982550349
chr1_119584909_C_T	chr1	119584909	C	T	119584887	119584972	-3.82456442988	88.5982550349
chr1_119584911_T_A	chr1	119584911	T	A	119584887	119584972	0.597742127154	88.5982550349
chr1_119584915_G_A	chr1	119584915	G	A	119584887	119584972	-0.880580957504	88.5982550349
chr1_119584919_T_C	chr1	119584919	T	C	119584887	119584972	4.00159489633	88.5982550349
chr1_119584933_G_A	chr1	119584933	G	A	119584887	119584972	-0.491582491582	88.5982550349
chr1_119584935_C_T	chr1	119584935	C	T	119584887	119584972	1.26508071368	88.5982550349
chr1_119584937_C_T	chr1	119584937	C	T	119584887	119584972	-6.47434743474	88.5982550349
chr1_119584940_C_T	chr1	119584940	C	T	119584887	119584972	-0.0567553992968	88.5982550349
chr1_119584941_G_A	chr1	119584941	G	A	119584887	119584972	-1.65715983363	88.5982550349
chr1_119584948_C_T	chr1	119584948	C	T	119584887	119584972	-2.14001964422	88.5982550349
chr1_119584949_G_A	chr1	119584949	G	A	119584887	119584972	2.40965207632	88.5982550349
chr1_119584950_T_C	chr1	119584950	T	C	119584887	119584972	-4.13875598086	88.5982550349
chr1_119584951_G_A	chr1	119584951	G	A	119584887	119584972	1.76627473473	88.5982550349
chr1_119584954_T_C	chr1	119584954	T	C	119584887	119584972	1.27457418428	88.5982550349
chr1_119584962_G_C	chr1	119584962	G	C	119584887	119584972	-5.61944420093	88.5982550349
chr1_119584965_G_A	chr1	119584965	G	A	119584887	119584972	-4.47396293027	88.5982550349
chr1_119584977_G_A	chr1	119584977	G	A	119584887	119584972	2.34368070953	88.5982550349
chr1_119584980_A_T	chr1	119584980	A	T	119584887	119584972	-0.911531001689	88.5982550349
chr1_119584989_G_C	chr1	119584989	G	C	119584887	119584972	1.60297303354	88.5982550349
chr1_119584993_G_C	chr1	119584993	G	C	119584887	119584972	1.24394700777	88.5982550349
chr1_119584996_G_A	chr1	119584996	G	A	119584887	119584972	-1.43164469119	88.5982550349
chr1_119585001_A_G	chr1	119585001	A	G	119584887	119584972	-0.244318181818	88.5982550349
chr1_119585012_A_G	chr1	119585012	A	G	119584887	119584972	2.31614912205	88.5982550349
chr1_119585016_G_C	chr1	119585016	G	C	119584887	119584972	-1.74568469505	88.5982550349
chr1_119585018_C_T	chr1	119585018	C	T	119584887	119584972	-0.969587572476	88.5982550349
chr1_150114969_AG_A	chr1	150114969	AG	A	150115016	150115109	3.03596403596	85.8629878603
chr1_150114980_C_T	chr1	150114980	C	T	150115016	150115109	3.4830186077	85.8629878603
chr1_150114986_G_A	chr1	150114986	G	A	150115016	150115109	4.94505494505	85.8629878603
chr1_150115012_A_G	chr1	150115012	A	G	150115016	150115109	4.11361718523	85.8629878603
chr1_150115036_C_T	chr1	150115036	C	T	150115016	150115109	4.38966178516	85.8629878603
chr1_150115122_A_G	chr1	150115122	A	G	150115016	150115109	0.73052470542	85.8629878603
chr1_150115125_C_T	chr1	150115125	C	T	150115016	150115109	1.90068552138	85.8629878603
chr1_150115126_G_A	chr1	150115126	G	A	150115016	150115109	4.55460260971	85.8629878603
chr1_155172987_T_G	chr1	155172987	T	G	155173014	155173096	0.467190486303	5.2646781679
chr1_155172998_G_A	chr1	155172998	G	A	155173014	155173096	1.84290206126	5.2646781679
chr1_155173007_C_G	chr1	155173007	C	G	155173014	155173096	26.4529694133	5.2646781679
chr1_155173011_A_G	chr1	155173011	A	G	155173014	155173096	-3.85960689932	5.2646781679
chr1_155173016_G_C	chr1	155173016	G	C	155173014	155173096	-4.30405134376	5.2646781679
chr1_155173021_C_T	chr1	155173021	C	T	155173014	155173096	-1.69769033591	5.2646781679
chr1_155173028_C_T	chr1	155173028	C	T	155173014	155173096	-3.03421007392	5.2646781679
chr1_155173035_C_T	chr1	155173035	C	T	155173014	155173096	-3.00552390066	5.2646781679
chr1_155173068_T_C	chr1	155173068	T	C	155173014	155173096	-5.25768213991	5.2646781679
chr1_155173074_G_C	chr1	155173074	G	C	155173014	155173096	20.7212011815	5.2646781679
chr1_155173076_C_A	chr1	155173076	C	A	155173014	155173096	-4.72787723151	5.2646781679
chr1_155173080_C_T	chr1	155173080	C	T	155173014	155173096	-4.70928010193	5.2646781679
chr1_155173081_G_A	chr1	155173081	G	A	155173014	155173096	-4.35776064218	5.2646781679
chr1_155173095_C_T	chr1	155173095	C	T	155173014	155173096	0.967816268531	5.2646781679
chr1_155173096_CCT_C	chr1	155173096	CCT	C	155173014	155173096	-3.86477485797	5.2646781679
chr1_155173099_G_A	chr1	155173099	G	A	155173014	155173096	-5.41516245487	5.2646781679
chr1_155173101_C_T	chr1	155173101	C	T	155173014	155173096	12.5335554938	5.2646781679
chr1_155173102_G_A	chr1	155173102	G	A	155173014	155173096	-0.869707909419	5.2646781679
chr1_155173106_C_T	chr1	155173106	C	T	155173014	155173096	3.28048971904	5.2646781679
chr1_155173108_C_G	chr1	155173108	C	G	155173014	155173096	44.3284272887	5.2646781679
chr1_155173111_G_T	chr1	155173111	G	T	155173014	155173096	-2.91516245487	5.2646781679
chr1_155173112_G_A	chr1	155173112	G	A	155173014	155173096	2.45000608445	5.2646781679
chr1_155173134_G_A	chr1	155173134	G	A	155173014	155173096	0.489599449888	5.2646781679
chr1_155173142_C_T	chr1	155173142	C	T	155173014	155173096	3.23348619378	5.2646781679
chr1_16069287_C_T	chr1	16069287	C	T	16069330	16069402	-1.80079807198	2.12475633528
chr1_16069297_C_T	chr1	16069297	C	T	16069330	16069402	-0.603055697772	2.12475633528
chr1_16069298_G_A	chr1	16069298	G	A	16069330	16069402	1.32431065014	2.12475633528
chr1_16069305_C_T	chr1	16069305	C	T	16069330	16069402	-0.970068517851	2.12475633528
chr1_16069306_G_A	chr1	16069306	G	A	16069330	16069402	25.7971957448	2.12475633528
chr1_16069307_C_A	chr1	16069307	C	A	16069330	16069402	-1.61548826324	2.12475633528
chr1_16069313_C_G	chr1	16069313	C	G	16069330	16069402	-1.42783769902	2.12475633528
chr1_16069319_C_T	chr1	16069319	C	T	16069330	16069402	-1.52628409189	2.12475633528
chr1_16069320_G_A	chr1	16069320	G	A	16069330	16069402	-1.87208600735	2.12475633528
chr1_16069334_G_C	chr1	16069334	G	C	16069330	16069402	-0.356045956091	2.12475633528
chr1_16069337_C_T	chr1	16069337	C	T	16069330	16069402	-1.16934499096	2.12475633528
chr1_16069338_G_A	chr1	16069338	G	A	16069330	16069402	-1.92216646151	2.12475633528
chr1_16069341_G_T	chr1	16069341	G	T	16069330	16069402	5.34137284459	2.12475633528
chr1_16069346_T_C	chr1	16069346	T	C	16069330	16069402	-1.02718689569	2.12475633528
chr1_16069367_C_G	chr1	16069367	C	G	16069330	16069402	-2.03389830508	2.12475633528
chr1_16069372_T_G	chr1	16069372	T	G	16069330	16069402	-2.03389830508	2.12475633528
chr1_16069382_C_G	chr1	16069382	C	G	16069330	16069402	-2.03389830508	2.12475633528
chr1_16069388_C_T	chr1	16069388	C	T	16069330	16069402	-1.93288820407	2.12475633528
chr1_16069389_G_A	chr1	16069389	G	A	16069330	16069402	-1.90419661896	2.12475633528
chr1_16069392_G_A	chr1	16069392	G	A	16069330	16069402	-2.03389830508	2.12475633528
chr1_16069397_T_C	chr1	16069397	T	C	16069330	16069402	0.0787777512533	2.12475633528
chr1_16069417_C_T	chr1	16069417	C	T	16069330	16069402	-2.03389830508	2.12475633528
chr1_161643204_G_C	chr1	161643204	G	C	161643254	161643338	8.59776556254	61.1811045815
chr1_161643206_GC_AC	chr1	161643206	GC	AC	161643254	161643338	2.45146669779	61.1811045815
chr1_161643211_C_T	chr1	161643211	C	T	161643254	161643338	-1.41041021672	61.1811045815
chr1_161643216_G_A	chr1	161643216	G	A	161643254	161643338	2.50222690656	61.1811045815
chr1_161643218_T_C	chr1	161643218	T	C	161643254	161643338	-11.6057482612	61.1811045815
chr1_161643235_G_T	chr1	161643235	G	T	161643254	161643338	22.2677482184	61.1811045815
chr1_161643237_T_G	chr1	161643237	T	G	161643254	161643338	-39.9071442058	61.1811045815
chr1_161643238_C_T	chr1	161643238	C	T	161643254	161643338	22.8218370682	61.1811045815
chr1_161643239_C_T	chr1	161643239	C	T	161643254	161643338	17.0732313196	61.1811045815
chr1_161643249_T_C	chr1	161643249	T	C	161643254	161643338	-9.71894016227	61.1811045815
chr1_161643251_C_A	chr1	161643251	C	A	161643254	161643338	-60.5967645323	61.1811045815
chr1_161643253_G_A	chr1	161643253	G	A	161643254	161643338	-60.3580278797	61.1811045815
chr1_161643255_C_A	chr1	161643255	C	A	161643254	161643338	11.291538024	61.1811045815
chr1_161643261_A_C	chr1	161643261	A	C	161643254	161643338	0.611624694014	61.1811045815
chr1_161643269_C_T	chr1	161643269	C	T	161643254	161643338	-2.39189634386	61.1811045815
chr1_161643270_G_C	chr1	161643270	G	C	161643254	161643338	3.64194288827	61.1811045815
chr1_161643271_G_T	chr1	161643271	G	T	161643254	161643338	9.43526328908	61.1811045815
chr1_161643275_C_A	chr1	161643275	C	A	161643254	161643338	5.72482569322	61.1811045815
chr1_161643276_G_A	chr1	161643276	G	A	161643254	161643338	-33.6802744798	61.1811045815
chr1_161643278_A_C	chr1	161643278	A	C	161643254	161643338	11.1086460446	61.1811045815
chr1_161643287_C_T	chr1	161643287	C	T	161643254	161643338	5.97233985217	61.1811045815
chr1_161643288_C_A	chr1	161643288	C	A	161643254	161643338	-0.784539683552	61.1811045815
chr1_161643292_G_A	chr1	161643292	G	A	161643254	161643338	-28.4104102167	61.1811045815
chr1_161643294_T_G	chr1	161643294	T	G	161643254	161643338	-7.92053167421	61.1811045815
chr1_161643296_G_A	chr1	161643296	G	A	161643254	161643338	1.35659046428	61.1811045815
chr1_161643304_G_T	chr1	161643304	G	T	161643254	161643338	-15.949955802	61.1811045815
chr1_161643308_C_T	chr1	161643308	C	T	161643254	161643338	-23.7684901673	61.1811045815
chr1_161643309_C_T	chr1	161643309	C	T	161643254	161643338	-6.92815025371	61.1811045815
chr1_161643323_A_T	chr1	161643323	A	T	161643254	161643338	14.2156862745	61.1811045815
chr1_161643326_C_T	chr1	161643326	C	T	161643254	161643338	7.78576203209	61.1811045815
chr1_161643327_C_G	chr1	161643327	C	G	161643254	161643338	23.7791590372	61.1811045815
chr1_161643333_A_G	chr1	161643333	A	G	161643254	161643338	-21.5623817855	61.1811045815
chr1_161643335_T_C	chr1	161643335	T	C	161643254	161643338	11.4913708955	61.1811045815
chr1_161643338_G_A	chr1	161643338	G	A	161643254	161643338	-60.8562132766	61.1811045815
chr1_161643343_G_C	chr1	161643343	G	C	161643254	161643338	-58.5252822955	61.1811045815
chr1_161643345_C_T	chr1	161643345	C	T	161643254	161643338	18.2772195305	61.1811045815
chr1_161643349_A_G	chr1	161643349	A	G	161643254	161643338	-14.3820701357	61.1811045815
chr1_161643352_C_G	chr1	161643352	C	G	161643254	161643338	-4.08660401247	61.1811045815
chr1_161643360_G_A	chr1	161643360	G	A	161643254	161643338	2.72571118611	61.1811045815
chr1_162487841_A_G	chr1	162487841	A	G	162487892	162487980	2.27868126764	81.7036818462
chr1_162487843_A_G	chr1	162487843	A	G	162487892	162487980	5.86925723538	81.7036818462
chr1_162487844_CTTGT_C	chr1	162487844	CTTGT	C	162487892	162487980	2.13650487517	81.7036818462
chr1_162487854_A_G	chr1	162487854	A	G	162487892	162487980	11.1726827266	81.7036818462
chr1_162487856_A_G	chr1	162487856	A	G	162487892	162487980	3.88372605664	81.7036818462
chr1_162487871_G_A	chr1	162487871	G	A	162487892	162487980	1.64350767629	81.7036818462
chr1_162487874_A_G	chr1	162487874	A	G	162487892	162487980	2.39111895572	81.7036818462
chr1_162487876_G_A	chr1	162487876	G	A	162487892	162487980	0.477147044638	81.7036818462
chr1_162487878_G_A	chr1	162487878	G	A	162487892	162487980	0.0840951262278	81.7036818462
chr1_162487905_T_C	chr1	162487905	T	C	162487892	162487980	1.13367588288	81.7036818462
chr1_162487906_G_T	chr1	162487906	G	T	162487892	162487980	6.02795795056	81.7036818462
chr1_162487911_AG_A	chr1	162487911	AG	A	162487892	162487980	0.464496880412	81.7036818462
chr1_162487927_T_C	chr1	162487927	T	C	162487892	162487980	8.96296774379	81.7036818462
chr1_162487933_C_T	chr1	162487933	C	T	162487892	162487980	-3.396785364	81.7036818462
chr1_162487939_G_A	chr1	162487939	G	A	162487892	162487980	2.24119445341	81.7036818462
chr1_162487947_A_C	chr1	162487947	A	C	162487892	162487980	-2.25018003135	81.7036818462
chr1_162487957_A_G	chr1	162487957	A	G	162487892	162487980	10.7436718799	81.7036818462
chr1_162487965_T_C	chr1	162487965	T	C	162487892	162487980	0.98865887546	81.7036818462
chr1_162487972_A_G	chr1	162487972	A	G	162487892	162487980	3.78326319536	81.7036818462
chr1_162487973_G_C	chr1	162487973	G	C	162487892	162487980	1.16424500348	81.7036818462
chr1_162487994_T_C	chr1	162487994	T	C	162487892	162487980	1.15611271831	81.7036818462
chr1_162487997_A_G	chr1	162487997	A	G	162487892	162487980	3.92922196201	81.7036818462
chr1_162487999_A_G	chr1	162487999	A	G	162487892	162487980	1.13275711568	81.7036818462
chr1_162488001_T_C	chr1	162488001	T	C	162487892	162487980	4.20219739422	81.7036818462
chr1_230910263_T_C	chr1	230910263	T	C	230910300	230910377	2.51815928143	86.8309944018
chr1_230910273_C_T	chr1	230910273	C	T	230910300	230910377	2.0107713053	86.8309944018
chr1_230910275_G_C	chr1	230910275	G	C	230910300	230910377	0.738732677708	86.8309944018
chr1_230910278_C_T	chr1	230910278	C	T	230910300	230910377	-0.324630812018	86.8309944018
chr1_230910287_T_C	chr1	230910287	T	C	230910300	230910377	-0.709121784199	86.8309944018
chr1_230910295_C_T	chr1	230910295	C	T	230910300	230910377	2.13300544323	86.8309944018
chr1_230910305_C_T	chr1	230910305	C	T	230910300	230910377	2.84840115021	86.8309944018
chr1_230910307_G_C	chr1	230910307	G	C	230910300	230910377	5.8390622101	86.8309944018
chr1_230910310_T_C	chr1	230910310	T	C	230910300	230910377	1.26991111434	86.8309944018
chr1_230910313_C_T	chr1	230910313	C	T	230910300	230910377	-4.66965188309	86.8309944018
chr1_230910314_G_C	chr1	230910314	G	C	230910300	230910377	-1.96151530843	86.8309944018
chr1_230910317_C_T	chr1	230910317	C	T	230910300	230910377	2.04375210138	86.8309944018
chr1_230910333_G_A	chr1	230910333	G	A	230910300	230910377	-1.10518316103	86.8309944018
chr1_230910339_G_A	chr1	230910339	G	A	230910300	230910377	-2.60485891598	86.8309944018
chr1_230910341_G_A	chr1	230910341	G	A	230910300	230910377	0.989730318773	86.8309944018
chr1_230910344_T_C	chr1	230910344	T	C	230910300	230910377	3.19577735125	86.8309944018
chr1_230910349_C_T	chr1	230910349	C	T	230910300	230910377	0.327729368696	86.8309944018
chr1_230910351_C_T	chr1	230910351	C	T	230910300	230910377	1.35661130508	86.8309944018
chr1_230910361_G_C	chr1	230910361	G	C	230910300	230910377	0.730596292752	86.8309944018
chr1_230910362_AT_A	chr1	230910362	AT	A	230910300	230910377	3.48503354959	86.8309944018
chr1_230910365_A_T	chr1	230910365	A	T	230910300	230910377	3.33101999246	86.8309944018
chr1_230910372_A_G	chr1	230910372	A	G	230910300	230910377	1.3123692795	86.8309944018
chr1_230910377_G_C	chr1	230910377	G	C	230910300	230910377	-83.557469402	86.8309944018
chr1_230910379_T_C	chr1	230910379	T	C	230910300	230910377	-85.1506108124	86.8309944018
chr1_230910381_C_G	chr1	230910381	C	G	230910300	230910377	-0.573693053737	86.8309944018
chr1_230910382_C_T	chr1	230910382	C	T	230910300	230910377	3.21223374181	86.8309944018
chr1_230910383_G_A	chr1	230910383	G	A	230910300	230910377	0.152299090378	86.8309944018
chr1_230910386_C_G	chr1	230910386	C	G	230910300	230910377	1.31698947246	86.8309944018
chr1_230910393_C_G	chr1	230910393	C	G	230910300	230910377	1.27073476181	86.8309944018
chr1_230910394_T_A	chr1	230910394	T	A	230910300	230910377	0.753994250782	86.8309944018
chr1_230910398_T_C	chr1	230910398	T	C	230910300	230910377	0.0586632091083	86.8309944018
chr1_24666109_C_T	chr1	24666109	C	T	24666158	24666252	-20.4225352113	68.0672268908
chr1_24666116_CCCTT_C	chr1	24666116	CCCTT	C	24666158	24666252	-11.9718309859	68.0672268908
chr1_24666120_T_C	chr1	24666120	T	C	24666158	24666252	-9.76679750635	68.0672268908
chr1_24666125_C_T	chr1	24666125	C	T	24666158	24666252	2.04123290467	68.0672268908
chr1_24666134_CCTT_C	chr1	24666134	CCTT	C	24666158	24666252	-27.9225352113	68.0672268908
chr1_24666135_C_G	chr1	24666135	C	G	24666158	24666252	-18.3677406907	68.0672268908
chr1_24666145_C_T	chr1	24666145	C	T	24666158	24666252	2.79175050302	68.0672268908
chr1_24666148_G_A	chr1	24666148	G	A	24666158	24666252	-9.48503521127	68.0672268908
chr1_24666165_C_T	chr1	24666165	C	T	24666158	24666252	-17.6447574335	68.0672268908
chr1_24666169_GA_G	chr1	24666169	GA	G	24666158	24666252	-13.4528382416	68.0672268908
chr1_24666180_C_T	chr1	24666180	C	T	24666158	24666252	-14.7621578528	68.0672268908
chr1_24666192_C_T	chr1	24666192	C	T	24666158	24666252	-23.0087421078	68.0672268908
chr1_24666193_A_G	chr1	24666193	A	G	24666158	24666252	-0.600050004167	68.0672268908
chr1_24666195_T_C	chr1	24666195	T	C	24666158	24666252	2.47466105041	68.0672268908
chr1_24666199_GA_G	chr1	24666199	GA	G	24666158	24666252	-29.6330615271	68.0672268908
chr1_24666200_A_C	chr1	24666200	A	C	24666158	24666252	-38.78988215	68.0672268908
chr1_24666218_T_A	chr1	24666218	T	A	24666158	24666252	-7.42253521127	68.0672268908
chr1_24666234_C_T	chr1	24666234	C	T	24666158	24666252	-18.5238010341	68.0672268908
chr1_24666235_G_A	chr1	24666235	G	A	24666158	24666252	-9.07284195973	68.0672268908
chr1_24666239_A_C	chr1	24666239	A	C	24666158	24666252	-18.6239740602	68.0672268908
chr1_24666248_C_A	chr1	24666248	C	A	24666158	24666252	-12.730227519	68.0672268908
chr1_24666261_T_G	chr1	24666261	T	G	24666158	24666252	1.47829123501	68.0672268908
chr1_24666268_A_G	chr1	24666268	A	G	24666158	24666252	-18.7446828623	68.0672268908
chr1_24666269_G_A	chr1	24666269	G	A	24666158	24666252	-28.8383767954	68.0672268908
chr1_28138471_A_T	chr1	28138471	A	T	28138503	28138571	-10.8699059561	41.2510697673
chr1_28138498_A_G	chr1	28138498	A	G	28138503	28138571	-12.460815047	41.2510697673
chr1_28138509_G_A	chr1	28138509	G	A	28138503	28138571	-1.89655172414	41.2510697673
chr1_28138542_C_T	chr1	28138542	C	T	28138503	28138571	-14.690882714	41.2510697673
chr1_28138545_T_C	chr1	28138545	T	C	28138503	28138571	33.5944746925	41.2510697673
chr1_28138550_A_G	chr1	28138550	A	G	28138503	28138571	2.65428444576	41.2510697673
chr1_28138561_C_A	chr1	28138561	C	A	28138503	28138571	-13.5111835974	41.2510697673
chr1_28138585_A_G	chr1	28138585	A	G	28138503	28138571	1.64636655419	41.2510697673
chr1_28138586_T_C	chr1	28138586	T	C	28138503	28138571	-3.99303869192	41.2510697673
chr1_28859183_C_T	chr1	28859183	C	T	28859186	28859269	-0.0324378424108	2.11215313154
chr1_28859250_C_T	chr1	28859250	C	T	28859186	28859269	-1.0525937796	2.11215313154
chr1_55307241_G_C	chr1	55307241	G	C	55307289	55307375	1.74326669666	66.7586758676
chr1_55307259_G_A	chr1	55307259	G	A	55307289	55307375	14.9844532163	66.7586758676
chr1_55307260_A_C	chr1	55307260	A	C	55307289	55307375	-39.5673716012	66.7586758676
chr1_55307265_G_A	chr1	55307265	G	A	55307289	55307375	22.9353884837	66.7586758676
chr1_55307268_T_C	chr1	55307268	T	C	55307289	55307375	-20.9340382679	66.7586758676
chr1_55307271_C_A	chr1	55307271	C	A	55307289	55307375	3.82086369291	66.7586758676
chr1_55307277_T_C	chr1	55307277	T	C	55307289	55307375	-29.824696442	66.7586758676
chr1_55307279_C_T	chr1	55307279	C	T	55307289	55307375	21.1864237783	66.7586758676
chr1_55307280_C_T	chr1	55307280	C	T	55307289	55307375	15.5699457959	66.7586758676
chr1_55307282_TC_T	chr1	55307282	TC	T	55307289	55307375	-7.12451445835	66.7586758676
chr1_55307296_C_A	chr1	55307296	C	A	55307289	55307375	-12.3556068953	66.7586758676
chr1_55307307_G_C	chr1	55307307	G	C	55307289	55307375	0.825220991384	66.7586758676
chr1_55307312_G_A	chr1	55307312	G	A	55307289	55307375	14.1004784974	66.7586758676
chr1_55307322_C_A	chr1	55307322	C	A	55307289	55307375	-25.8442946781	66.7586758676
chr1_55307326_A_C	chr1	55307326	A	C	55307289	55307375	6.21399485842	66.7586758676
chr1_55307327_A_G	chr1	55307327	A	G	55307289	55307375	4.87896986221	66.7586758676
chr1_55307332_G_T	chr1	55307332	G	T	55307289	55307375	-3.9468587807	66.7586758676
chr1_55307344_A_G	chr1	55307344	A	G	55307289	55307375	-0.528055361892	66.7586758676
chr1_55307346_G_A	chr1	55307346	G	A	55307289	55307375	2.416918429	66.7586758676
chr1_55307347_T_G	chr1	55307347	T	G	55307289	55307375	16.6912750153	66.7586758676
chr1_55307352_T_C	chr1	55307352	T	C	55307289	55307375	3.86459865901	66.7586758676
chr1_55307355_C_T	chr1	55307355	C	T	55307289	55307375	7.84402736252	66.7586758676
chr1_55307364_C_T	chr1	55307364	C	T	55307289	55307375	-18.9412846447	66.7586758676
chr1_55307369_C_T	chr1	55307369	C	T	55307289	55307375	-1.01394694367	66.7586758676
chr1_55307380_C_T	chr1	55307380	C	T	55307289	55307375	3.84194739521	66.7586758676
chr1_55307382_G_C	chr1	55307382	G	C	55307289	55307375	2.46339762956	66.7586758676
chr1_55307393_A_G	chr1	55307393	A	G	55307289	55307375	1.27386551219	66.7586758676
chr1_55307397_G_T	chr1	55307397	G	T	55307289	55307375	5.53309788236	66.7586758676
chr1_55307398_T_C	chr1	55307398	T	C	55307289	55307375	2.55533756214	66.7586758676
chr1_70883575_A_G	chr1	70883575	A	G	70883620	70883715	1.04882896433	77.1851116235
chr1_70883579_G_T	chr1	70883579	G	T	70883620	70883715	5.008911543	77.1851116235
chr1_70883586_T_C	chr1	70883586	T	C	70883620	70883715	-6.279315197	77.1851116235
chr1_70883627_C_T	chr1	70883627	C	T	70883620	70883715	-16.6079059829	77.1851116235
chr1_70883629_T_C	chr1	70883629	T	C	70883620	70883715	5.03198692205	77.1851116235
chr1_70883638_G_C	chr1	70883638	G	C	70883620	70883715	2.24830316742	77.1851116235
chr1_70883643_G_C	chr1	70883643	G	C	70883620	70883715	7.93836054085	77.1851116235
chr1_70883666_T_C	chr1	70883666	T	C	70883620	70883715	4.67733448144	77.1851116235
chr1_70883670_T_C	chr1	70883670	T	C	70883620	70883715	4.21058426307	77.1851116235
chr1_70883685_C_A	chr1	70883685	C	A	70883620	70883715	-3.59203296703	77.1851116235
chr1_70883692_T_C	chr1	70883692	T	C	70883620	70883715	5.45558608059	77.1851116235
chr1_70883708_G_A	chr1	70883708	G	A	70883620	70883715	-0.388029676657	77.1851116235
chr1_70883710_A_G	chr1	70883710	A	G	70883620	70883715	-5.71210587658	77.1851116235
chr1_70883718_A_T	chr1	70883718	A	T	70883620	70883715	-50.7118486352	77.1851116235
chr1_70883722_G_A	chr1	70883722	G	A	70883620	70883715	5.87540771949	77.1851116235
chr1_70883724_C_A	chr1	70883724	C	A	70883620	70883715	-3.5270979021	77.1851116235
chr1_91731563_C_T	chr1	91731563	C	T	91731574	91731664	5.75591586328	74.5358933047
chr1_91731572_G_A	chr1	91731572	G	A	91731574	91731664	13.2452548825	74.5358933047
chr1_91731574_C_T	chr1	91731574	C	T	91731574	91731664	-74.6012269939	74.5358933047
chr1_91731576_G_C	chr1	91731576	G	C	91731574	91731664	-1.60977400241	74.5358933047
chr1_91731579_T_G	chr1	91731579	T	G	91731574	91731664	3.87830516988	74.5358933047
chr1_91731582_C_T	chr1	91731582	C	T	91731574	91731664	3.31877300613	74.5358933047
chr1_91731584_T_A	chr1	91731584	T	A	91731574	91731664	0.0376173079006	74.5358933047
chr1_91731585_T_C	chr1	91731585	T	C	91731574	91731664	2.74920035656	74.5358933047
chr1_91731590_T_G	chr1	91731590	T	G	91731574	91731664	11.8767604275	74.5358933047
chr1_91731614_G_C	chr1	91731614	G	C	91731574	91731664	7.97453058189	74.5358933047
chr1_91731619_G_T	chr1	91731619	G	T	91731574	91731664	6.93496207556	74.5358933047
chr1_91731631_C_G	chr1	91731631	C	G	91731574	91731664	2.05492442569	74.5358933047
chr1_91731640_C_T	chr1	91731640	C	T	91731574	91731664	-4.622825266	74.5358933047
chr1_91731662_A_G	chr1	91731662	A	G	91731574	91731664	1.0085291037	74.5358933047
chr1_91731665_C_T	chr1	91731665	C	T	91731574	91731664	-74.4803080096	74.5358933047
chr1_91731667_AT_A	chr1	91731667	AT	A	91731574	91731664	2.57785383022	74.5358933047
chr1_91731668_T_C	chr1	91731668	T	C	91731574	91731664	2.70184376715	74.5358933047
chr1_91731681_C_T	chr1	91731681	C	T	91731574	91731664	8.02288648131	74.5358933047
chr1_91731682_A_G	chr1	91731682	A	G	91731574	91731664	-1.12056401044	74.5358933047
chr1_91731687_G_A	chr1	91731687	G	A	91731574	91731664	7.39177999914	74.5358933047
chr1_91731691_C_T	chr1	91731691	C	T	91731574	91731664	4.19624136057	74.5358933047
chr1_91731703_A_G	chr1	91731703	A	G	91731574	91731664	1.5822049588	74.5358933047
chr1_91731706_C_T	chr1	91731706	C	T	91731574	91731664	5.6535500762	74.5358933047
chr2_171358248_C_T	chr2	171358248	C	T	171358295	171358375	2.36522583779	78.3575634865
chr2_171358249_G_A	chr2	171358249	G	A	171358295	171358375	-3.39133185701	78.3575634865
chr2_171358258_T_G	chr2	171358258	T	G	171358295	171358375	-4.71718088324	78.3575634865
chr2_171358262_T_C	chr2	171358262	T	C	171358295	171358375	4.61794670846	78.3575634865
chr2_171358265_C_T	chr2	171358265	C	T	171358295	171358375	0.282263931325	78.3575634865
chr2_171358269_C_T	chr2	171358269	C	T	171358295	171358375	0.249984297469	78.3575634865
chr2_171358270_C_T	chr2	171358270	C	T	171358295	171358375	-1.88155922039	78.3575634865
chr2_171358273_G_C	chr2	171358273	G	C	171358295	171358375	5.92189709562	78.3575634865
chr2_171358285_A_T	chr2	171358285	A	T	171358295	171358375	0.221625714089	78.3575634865
chr2_171358289_T_G	chr2	171358289	T	G	171358295	171358375	-23.9068849414	78.3575634865
chr2_171358298_G_A	chr2	171358298	G	A	171358295	171358375	-9.10849453322	78.3575634865
chr2_171358299_G_A	chr2	171358299	G	A	171358295	171358375	2.87710770166	78.3575634865
chr2_171358305_A_G	chr2	171358305	A	G	171358295	171358375	-1.88112703092	78.3575634865
chr2_171358307_A_G	chr2	171358307	A	G	171358295	171358375	1.32436528988	78.3575634865
chr2_171358311_T_A	chr2	171358311	T	A	171358295	171358375	2.30714539637	78.3575634865
chr2_171358313_C_T	chr2	171358313	C	T	171358295	171358375	-2.77910549676	78.3575634865
chr2_171358315_C_T	chr2	171358315	C	T	171358295	171358375	0.225464190981	78.3575634865
chr2_171358328_AG_A	chr2	171358328	AG	A	171358295	171358375	-7.94006138292	78.3575634865
chr2_171358329_G_A	chr2	171358329	G	A	171358295	171358375	-12.2537831804	78.3575634865
chr2_171358339_A_G	chr2	171358339	A	G	171358295	171358375	-1.87650360866	78.3575634865
chr2_171358341_C_T	chr2	171358341	C	T	171358295	171358375	-8.3119010566	78.3575634865
chr2_171358351_G_A	chr2	171358351	G	A	171358295	171358375	-9.21509524958	78.3575634865
chr2_171358364_A_G	chr2	171358364	A	G	171358295	171358375	4.60715844609	78.3575634865
chr2_171358365_TAATC_AAATC	chr2	171358365	TAATC	AAATC	171358295	171358375	0.449077786688	78.3575634865
chr2_171358369_C_G	chr2	171358369	C	G	171358295	171358375	-2.47227976118	78.3575634865
chr2_171358372_G_A	chr2	171358372	G	A	171358295	171358375	2.90104947526	78.3575634865
chr2_171358374_A_C	chr2	171358374	A	C	171358295	171358375	-6.74568965517	78.3575634865
chr2_171358376_G_T	chr2	171358376	G	T	171358295	171358375	-78.492484527	78.3575634865
chr2_171358379_A_C	chr2	171358379	A	C	171358295	171358375	-1.04772498543	78.3575634865
chr2_171358381_T_G	chr2	171358381	T	G	171358295	171358375	-0.100403258991	78.3575634865
chr2_171358394_TCA_T	chr2	171358394	TCA	T	171358295	171358375	-0.720137168985	78.3575634865
chr2_171358398_A_G	chr2	171358398	A	G	171358295	171358375	-1.66319524801	78.3575634865
chr2_171358399_G_A	chr2	171358399	G	A	171358295	171358375	-3.5456145801	78.3575634865
chr2_190617349_T_C	chr2	190617349	T	C	190617379	190617450	2.97568079219	76.8332966307
chr2_190617360_C_G	chr2	190617360	C	G	190617379	190617450	3.28799310451	76.8332966307
chr2_190617363_G_A	chr2	190617363	G	A	190617379	190617450	4.65857717172	76.8332966307
chr2_190617388_T_C	chr2	190617388	T	C	190617379	190617450	10.1738173766	76.8332966307
chr2_190617390_G_A	chr2	190617390	G	A	190617379	190617450	-0.279590365989	76.8332966307
chr2_190617391_C_T	chr2	190617391	C	T	190617379	190617450	5.92118266303	76.8332966307
chr2_190617392_G_A	chr2	190617392	G	A	190617379	190617450	-0.761248595952	76.8332966307
chr2_190617403_A_G	chr2	190617403	A	G	190617379	190617450	6.08450095256	76.8332966307
chr2_190617411_T_TA	chr2	190617411	T	TA	190617379	190617450	-9.93462710607	76.8332966307
chr2_190617430_C_T	chr2	190617430	C	T	190617379	190617450	-0.992897667014	76.8332966307
chr2_190617440_C_G	chr2	190617440	C	G	190617379	190617450	4.20610934501	76.8332966307
chr2_190617447_A_G	chr2	190617447	A	G	190617379	190617450	10.6853905019	76.8332966307
chr2_190617470_A_G	chr2	190617470	A	G	190617379	190617450	-1.50896465728	76.8332966307
chr2_190617477_C_A	chr2	190617477	C	A	190617379	190617450	1.64978585961	76.8332966307
chr2_190617494_G_C	chr2	190617494	G	C	190617379	190617450	4.94668858	76.8332966307
chr2_191862921_A_G	chr2	191862921	A	G	191862943	191863034	1.37391770062	80.1400023062
chr2_191862927_GA_G	chr2	191862927	GA	G	191862943	191863034	-5.06878144989	80.1400023062
chr2_191862937_A_T	chr2	191862937	A	T	191862943	191863034	2.37391770062	80.1400023062
chr2_191862958_A_G	chr2	191862958	A	G	191862943	191863034	-1.61460453755	80.1400023062
chr2_191862962_A_G	chr2	191862962	A	G	191862943	191863034	6.00844732474	80.1400023062
chr2_191862985_C_T	chr2	191862985	C	T	191862943	191863034	-5.94639067408	80.1400023062
chr2_191862997_T_C	chr2	191862997	T	C	191862943	191863034	1.25552129747	80.1400023062
chr2_191863003_A_AG	chr2	191863003	A	AG	191862943	191863034	-0.58916821095	80.1400023062
chr2_191863044_G_A	chr2	191863044	G	A	191862943	191863034	3.8732003405	80.1400023062
chr2_191863050_C_G	chr2	191863050	C	G	191862943	191863034	0.26019221042	80.1400023062
chr2_191863058_A_G	chr2	191863058	A	G	191862943	191863034	-3.27633601109	80.1400023062
chr2_191863063_T_C	chr2	191863063	T	C	191862943	191863034	2.28756527885	80.1400023062
chr2_191863071_A_C	chr2	191863071	A	C	191862943	191863034	-2.30212663016	80.1400023062
chr2_191863077_A_C	chr2	191863077	A	C	191862943	191863034	-0.273141122914	80.1400023062
chr2_191863082_A_G	chr2	191863082	A	G	191862943	191863034	-2.94394857633	80.1400023062
chr2_191863083_C_T	chr2	191863083	C	T	191862943	191863034	-1.84748514624	80.1400023062
chr2_236923406_T_C	chr2	236923406	T	C	236923449	236923523	-0.489502466634	2.96263202458
chr2_236923408_C_T	chr2	236923408	C	T	236923449	236923523	1.9375296497	2.96263202458
chr2_236923418_C_T	chr2	236923418	C	T	236923449	236923523	-1.43803457979	2.96263202458
chr2_236923420_C_T	chr2	236923420	C	T	236923449	236923523	0.242255227149	2.96263202458
chr2_236923437_C_G	chr2	236923437	C	G	236923449	236923523	1.10729233072	2.96263202458
chr2_236923455_G_A	chr2	236923455	G	A	236923449	236923523	-1.75532525144	2.96263202458
chr2_236923479_T_C	chr2	236923479	T	C	236923449	236923523	14.5464195313	2.96263202458
chr2_236923487_C_T	chr2	236923487	C	T	236923449	236923523	-1.06036372253	2.96263202458
chr2_236923533_CCG_C	chr2	236923533	CCG	C	236923449	236923523	1.24601337376	2.96263202458
chr2_236923534_C_A	chr2	236923534	C	A	236923449	236923523	-0.899935915042	2.96263202458
chr2_236923547_G_A	chr2	236923547	G	A	236923449	236923523	0.39765538255	2.96263202458
chr2_236923552_C_G	chr2	236923552	C	G	236923449	236923523	-0.754145517362	2.96263202458
chr2_24240116_G_A	chr2	24240116	G	A	24240156	24240234	2.67644726408	3.11683447201
chr2_24240128_G_A	chr2	24240128	G	A	24240156	24240234	2.57731958763	3.11683447201
chr2_24240129_C_T	chr2	24240129	C	T	24240156	24240234	3.88396068089	3.11683447201
chr2_24240130_G_A	chr2	24240130	G	A	24240156	24240234	4.65915447934	3.11683447201
chr2_24240139_C_T	chr2	24240139	C	T	24240156	24240234	3.40072298835	3.11683447201
chr2_24240145_C_G	chr2	24240145	C	G	24240156	24240234	-2.20782775294	3.11683447201
chr2_24240146_G_A	chr2	24240146	G	A	24240156	24240234	3.03748469408	3.11683447201
chr2_24240148_C_A	chr2	24240148	C	A	24240156	24240234	-3.09278350515	3.11683447201
chr2_24240155_G_C	chr2	24240155	G	C	24240156	24240234	-3.09278350515	3.11683447201
chr2_24240165_G_T	chr2	24240165	G	T	24240156	24240234	-2.31153350515	3.11683447201
chr2_24240167_G_C	chr2	24240167	G	C	24240156	24240234	-1.96918799954	3.11683447201
chr2_24240168_C_G	chr2	24240168	C	G	24240156	24240234	0.0518705828957	3.11683447201
chr2_24240170_C_T	chr2	24240170	C	T	24240156	24240234	-0.550410623799	3.11683447201
chr2_24240171_T_A	chr2	24240171	T	A	24240156	24240234	3.01408672385	3.11683447201
chr2_24240173_C_T	chr2	24240173	C	T	24240156	24240234	1.90721649485	3.11683447201
chr2_24240178_C_T	chr2	24240178	C	T	24240156	24240234	5.17167930476	3.11683447201
chr2_24240194_G_A	chr2	24240194	G	A	24240156	24240234	0.175190351055	3.11683447201
chr2_24240198_C_A	chr2	24240198	C	A	24240156	24240234	6.62943871707	3.11683447201
chr2_24240203_C_A	chr2	24240203	C	A	24240156	24240234	-0.571775101793	3.11683447201
chr2_24240206_A_G	chr2	24240206	A	G	24240156	24240234	3.6639732516	3.11683447201
chr2_24240209_G_A	chr2	24240209	G	A	24240156	24240234	2.96782255545	3.11683447201
chr2_24240211_A_G	chr2	24240211	A	G	24240156	24240234	-1.76299627111	3.11683447201
chr2_24240213_C_T	chr2	24240213	C	T	24240156	24240234	-0.767202109806	3.11683447201
chr2_24240214_G_A	chr2	24240214	G	A	24240156	24240234	0.504338797004	3.11683447201
chr2_24240220_C_T	chr2	24240220	C	T	24240156	24240234	-1.61130202367	3.11683447201
chr2_24240221_G_A	chr2	24240221	G	A	24240156	24240234	-0.577060234714	3.11683447201
chr2_24240227_C_T	chr2	24240227	C	T	24240156	24240234	-1.32287200073	3.11683447201
chr2_24240234_C_G	chr2	24240234	C	G	24240156	24240234	5.99812558575	3.11683447201
chr2_24240238_A_T	chr2	24240238	A	T	24240156	24240234	-3.03315321297	3.11683447201
chr2_24240246_C_T	chr2	24240246	C	T	24240156	24240234	7.32388316151	3.11683447201
chr2_24240247_G_A	chr2	24240247	G	A	24240156	24240234	3.40072298835	3.11683447201
chr2_24240255_C_T	chr2	24240255	C	T	24240156	24240234	-0.009083064626	3.11683447201
chr2_24240256_G_A	chr2	24240256	G	A	24240156	24240234	2.17037438958	3.11683447201
chr2_24240260_T_G	chr2	24240260	T	G	24240156	24240234	1.28221649485	3.11683447201
chr2_3425423_G_T	chr2	3425423	G	T	3425471	3425557	-10.6934886093	35.2912768725
chr2_3425426_C_G	chr2	3425426	C	G	3425471	3425557	14.1163569544	35.2912768725
chr2_3425462_C_T	chr2	3425462	C	T	3425471	3425557	-4.23009364832	35.2912768725
chr2_3425468_C_G	chr2	3425468	C	G	3425471	3425557	-21.8812962815	35.2912768725
chr2_3425471_C_T	chr2	3425471	C	T	3425471	3425557	-33.5075827333	35.2912768725
chr2_3425472_G_A	chr2	3425472	G	A	3425471	3425557	-2.70095175369	35.2912768725
chr2_3425494_C_T	chr2	3425494	C	T	3425471	3425557	-11.4377603243	35.2912768725
chr2_3425499_C_T	chr2	3425499	C	T	3425471	3425557	21.8124391053	35.2912768725
chr2_3425500_G_A	chr2	3425500	G	A	3425471	3425557	-2.49032550345	35.2912768725
chr2_3425504_G_T	chr2	3425504	G	T	3425471	3425557	21.2737364885	35.2912768725
chr2_3425505_C_T	chr2	3425505	C	T	3425471	3425557	-28.945527568	35.2912768725
chr2_3425506_A_T	chr2	3425506	A	T	3425471	3425557	-5.94400270042	35.2912768725
chr2_3425507_C_A	chr2	3425507	C	A	3425471	3425557	-9.17118184797	35.2912768725
chr2_3425508_A_T	chr2	3425508	A	T	3425471	3425557	-5.43987832825	35.2912768725
chr2_3425514_G_A	chr2	3425514	G	A	3425471	3425557	-14.6015789715	35.2912768725
chr2_48722771_G_T	chr2	48722771	G	T	48722818	48722910	-1.40411550596	84.6243811314
chr2_48722772_G_T	chr2	48722772	G	T	48722818	48722910	-3.83900531949	84.6243811314
chr2_48722778_C_G	chr2	48722778	C	G	48722818	48722910	-5.00044550532	84.6243811314
chr2_48722789_C_G	chr2	48722789	C	G	48722818	48722910	0.280844867776	84.6243811314
chr2_48722797_C_T	chr2	48722797	C	T	48722818	48722910	-0.614171081997	84.6243811314
chr2_48722800_A_G	chr2	48722800	A	G	48722818	48722910	-4.17340874378	84.6243811314
chr2_48722803_A_T	chr2	48722803	A	T	48722818	48722910	2.94730719547	84.6243811314
chr2_48722805_G_T	chr2	48722805	G	T	48722818	48722910	0.549979189977	84.6243811314
chr2_48722807_T_G	chr2	48722807	T	G	48722818	48722910	-10.618358282	84.6243811314
chr2_48722815_T_C	chr2	48722815	T	C	48722818	48722910	-0.0995373653102	84.6243811314
chr2_48722818_C_T	chr2	48722818	C	T	48722818	48722910	-3.91489224797	84.6243811314
chr2_48722821_C_G	chr2	48722821	C	G	48722818	48722910	4.15788909045	84.6243811314
chr2_48722822_T_C	chr2	48722822	T	C	48722818	48722910	4.48542170818	84.6243811314
chr2_48722835_G_T	chr2	48722835	G	T	48722818	48722910	3.19047313856	84.6243811314
chr2_48722847_A_C	chr2	48722847	A	C	48722818	48722910	-2.91268804702	84.6243811314
chr2_48722848_G_C	chr2	48722848	G	C	48722818	48722910	2.85773653515	84.6243811314
chr2_48722859_C_G	chr2	48722859	C	G	48722818	48722910	-1.58826127187	84.6243811314
chr2_48722860_C_T	chr2	48722860	C	T	48722818	48722910	-7.46518306331	84.6243811314
chr2_48722861_G_A	chr2	48722861	G	A	48722818	48722910	0.774089918605	84.6243811314
chr2_48722863_C_T	chr2	48722863	C	T	48722818	48722910	-4.26041282054	84.6243811314
chr2_48722864_G_A	chr2	48722864	G	A	48722818	48722910	-6.88440952768	84.6243811314
chr2_48722870_T_C	chr2	48722870	T	C	48722818	48722910	2.32982584934	84.6243811314
chr2_48722879_C_T	chr2	48722879	C	T	48722818	48722910	-11.900497633	84.6243811314
chr2_48722891_G_A	chr2	48722891	G	A	48722818	48722910	2.44915096867	84.6243811314
chr2_48722893_G_C	chr2	48722893	G	C	48722818	48722910	9.72232943885	84.6243811314
chr2_48722897_G_T	chr2	48722897	G	T	48722818	48722910	-1.52070958014	84.6243811314
chr2_48722898_C_G	chr2	48722898	C	G	48722818	48722910	-10.0341047185	84.6243811314
chr2_48722916_G_T	chr2	48722916	G	T	48722818	48722910	0.38405232462	84.6243811314
chr2_48722929_T_C	chr2	48722929	T	C	48722818	48722910	-2.26450455144	84.6243811314
chr2_61147481_A_G	chr2	61147481	A	G	61147518	61147613	-0.516649671612	5.94337632553
chr2_61147497_G_A	chr2	61147497	G	A	61147518	61147613	-1.14415280696	5.94337632553
chr2_61147524_CAG_C	chr2	61147524	CAG	C	61147518	61147613	1.25138427464	5.94337632553
chr2_61147528_G_A	chr2	61147528	G	A	61147518	61147613	2.45635321874	5.94337632553
chr2_61147532_C_T	chr2	61147532	C	T	61147518	61147613	-4.4606302609	5.94337632553
chr2_61147533_G_A	chr2	61147533	G	A	61147518	61147613	-3.9134508902	5.94337632553
chr2_61147565_A_C	chr2	61147565	A	C	61147518	61147613	-2.88805989893	5.94337632553
chr2_61147567_A_G	chr2	61147567	A	G	61147518	61147613	1.12607099143	5.94337632553
chr2_61147570_A_G	chr2	61147570	A	G	61147518	61147613	-0.0713670481112	5.94337632553
chr2_61147572_G_T	chr2	61147572	G	T	61147518	61147613	18.4287688236	5.94337632553
chr2_61147580_C_A	chr2	61147580	C	A	61147518	61147613	-0.891472868217	5.94337632553
chr2_61147581_C_T	chr2	61147581	C	T	61147518	61147613	2.84092149798	5.94337632553
chr2_61147585_C_T	chr2	61147585	C	T	61147518	61147613	0.0522184769341	5.94337632553
chr2_61147597_A_G	chr2	61147597	A	G	61147518	61147613	-3.00433376061	5.94337632553
chr2_61147606_G_A	chr2	61147606	G	A	61147518	61147613	40.560140035	5.94337632553
chr2_61147610_A_G	chr2	61147610	A	G	61147518	61147613	-4.40675671101	5.94337632553
chr2_61147625_C_G	chr2	61147625	C	G	61147518	61147613	10.4308411814	5.94337632553
chr2_61147627_C_T	chr2	61147627	C	T	61147518	61147613	-1.51771541295	5.94337632553
chr2_61147631_C_T	chr2	61147631	C	T	61147518	61147613	-0.490879396407	5.94337632553
chr2_61147632_G_C	chr2	61147632	G	C	61147518	61147613	2.23959509295	5.94337632553
chr2_98795662_C_T	chr2	98795662	C	T	98795707	98795780	-3.54657831018	82.4442865888
chr2_98795678_C_G	chr2	98795678	C	G	98795707	98795780	-1.60529059876	82.4442865888
chr2_98795706_G_A	chr2	98795706	G	A	98795707	98795780	-82.3811029074	82.4442865888
chr2_98795724_G_A	chr2	98795724	G	A	98795707	98795780	1.09930546706	82.4442865888
chr2_98795740_T_C	chr2	98795740	T	C	98795707	98795780	2.09591142034	82.4442865888
chr2_98795742_G_A	chr2	98795742	G	A	98795707	98795780	-4.95311311988	82.4442865888
chr2_98795774_C_T	chr2	98795774	C	T	98795707	98795780	-4.03352455984	82.4442865888
chr2_98795775_G_A	chr2	98795775	G	A	98795707	98795780	-4.20644262413	82.4442865888
chr2_98795788_AAC_A	chr2	98795788	AAC	A	98795707	98795780	0.46194080519	82.4442865888
chr2_98795792_C_G	chr2	98795792	C	G	98795707	98795780	-6.3334984167	82.4442865888
chr3_10131927_C_T	chr3	10131927	C	T	10131976	10132069	-6.10242438601	76.830079858
chr3_10131931_G_C	chr3	10131931	G	C	10131976	10132069	3.37051008693	76.830079858
chr3_10131942_T_C	chr3	10131942	T	C	10131976	10132069	-4.33749619251	76.830079858
chr3_10131950_G_T	chr3	10131950	G	T	10131976	10132069	-0.407570239825	76.830079858
chr3_10131951_C_G	chr3	10131951	C	G	10131976	10132069	4.60498989284	76.830079858
chr3_10131952_A_C	chr3	10131952	A	C	10131976	10132069	-16.1584106048	76.830079858
chr3_10131953_C_T	chr3	10131953	C	T	10131976	10132069	-5.23172267037	76.830079858
chr3_10131954_G_A	chr3	10131954	G	A	10131976	10132069	-1.5922690694	76.830079858
chr3_10131966_C_T	chr3	10131966	C	T	10131976	10132069	-0.711604117886	76.830079858
chr3_10131967_G_A	chr3	10131967	G	A	10131976	10132069	1.88055859698	76.830079858
chr3_10131980_A_G	chr3	10131980	A	G	10131976	10132069	-7.36505064863	76.830079858
chr3_10131981_C_T	chr3	10131981	C	T	10131976	10132069	-1.73949147338	76.830079858
chr3_10131984_T_C	chr3	10131984	T	C	10131976	10132069	1.40922633756	76.830079858
chr3_10131998_C_T	chr3	10131998	C	T	10131976	10132069	-14.4479010102	76.830079858
chr3_10131999_G_A	chr3	10131999	G	A	10131976	10132069	-40.3616836453	76.830079858
chr3_10132000_T_C	chr3	10132000	T	C	10131976	10132069	-3.75251129602	76.830079858
chr3_10132002_T_C	chr3	10132002	T	C	10131976	10132069	-6.52077635682	76.830079858
chr3_10132003_G_A	chr3	10132003	G	A	10131976	10132069	-11.5590260258	76.830079858
chr3_10132005_T_A	chr3	10132005	T	A	10131976	10132069	-6.37307965666	76.830079858
chr3_10132026_C_T	chr3	10132026	C	T	10131976	10132069	0.691166958147	76.830079858
chr3_10132027_G_A	chr3	10132027	G	A	10131976	10132069	9.86242581451	76.830079858
chr3_10132040_G_A	chr3	10132040	G	A	10131976	10132069	-25.7095314931	76.830079858
chr3_10132043_C_A	chr3	10132043	C	A	10131976	10132069	-8.85939483961	76.830079858
chr3_10132046_G_A	chr3	10132046	G	A	10131976	10132069	-9.51139673864	76.830079858
chr3_10132050_C_T	chr3	10132050	C	T	10131976	10132069	-0.63401479995	76.830079858
chr3_10132062_C_T	chr3	10132062	C	T	10131976	10132069	-9.02811365355	76.830079858
chr3_10132063_G_T	chr3	10132063	G	T	10131976	10132069	-8.36886993603	76.830079858
chr3_10132069_GGTGA_TGTGA	chr3	10132069	GGTGA	TGTGA	10131976	10132069	-11.9332552168	76.830079858
chr3_10132082_A_G	chr3	10132082	A	G	10131976	10132069	1.23031157576	76.830079858
chr3_112325995_A_G	chr3	112325995	A	G	112326023	112326103	2.12802050741	89.4191680509
chr3_112326009_T_C	chr3	112326009	T	C	112326023	112326103	-1.10010000909	89.4191680509
chr3_112326023_C_T	chr3	112326023	C	T	112326023	112326103	-63.2135992549	89.4191680509
chr3_112326029_T_C	chr3	112326029	T	C	112326023	112326103	-0.212017503362	89.4191680509
chr3_112326033_G_A	chr3	112326033	G	A	112326023	112326103	1.98219917105	89.4191680509
chr3_112326045_C_A	chr3	112326045	C	A	112326023	112326103	-0.323048447726	89.4191680509
chr3_112326062_C_T	chr3	112326062	C	T	112326023	112326103	-1.00206079341	89.4191680509
chr3_112326068_C_T	chr3	112326068	C	T	112326023	112326103	-1.80512778291	89.4191680509
chr3_112326074_A_G	chr3	112326074	A	G	112326023	112326103	-2.25674244135	89.4191680509
chr3_112326084_A_G	chr3	112326084	A	G	112326023	112326103	-0.437160316814	89.4191680509
chr3_112326085_A_G	chr3	112326085	A	G	112326023	112326103	1.64135005931	89.4191680509
chr3_112326088_G_A	chr3	112326088	G	A	112326023	112326103	0.0333766373808	89.4191680509
chr3_112326097_C_T	chr3	112326097	C	T	112326023	112326103	1.86339191271	89.4191680509
chr3_112326104_C_A	chr3	112326104	C	A	112326023	112326103	-87.2915985063	89.4191680509
chr3_112326110_GA_G	chr3	112326110	GA	G	112326023	112326103	0.303160090129	89.4191680509
chr3_112326121_A_C	chr3	112326121	A	C	112326023	112326103	-2.22562574809	89.4191680509
chr3_112326124_A_G	chr3	112326124	A	G	112326023	112326103	-0.119707852229	89.4191680509
chr3_112326125_T_C	chr3	112326125	T	C	112326023	112326103	2.82938777956	89.4191680509
chr3_112326127_G_C	chr3	112326127	G	C	112326023	112326103	1.1460063109	89.4191680509
chr3_112326137_A_G	chr3	112326137	A	G	112326023	112326103	2.33127253993	89.4191680509
chr3_112326138_A_G	chr3	112326138	A	G	112326023	112326103	1.30232636173	89.4191680509
chr3_112326144_T_C	chr3	112326144	T	C	112326023	112326103	0.576886575016	89.4191680509
chr3_112326152_A_T	chr3	112326152	A	T	112326023	112326103	0.664605873261	89.4191680509
chr3_121001063_T_C	chr3	121001063	T	C	121001113	121001184	-15.5449440505	40.0926408023
chr3_121001064_C_T	chr3	121001064	C	T	121001113	121001184	1.46485896837	40.0926408023
chr3_121001065_T_C	chr3	121001065	T	C	121001113	121001184	-11.003845852	40.0926408023
chr3_121001066_C_T	chr3	121001066	C	T	121001113	121001184	9.75517985251	40.0926408023
chr3_121001068_T_A	chr3	121001068	T	A	121001113	121001184	-20.9418467002	40.0926408023
chr3_121001080_C_T	chr3	121001080	C	T	121001113	121001184	11.0064752668	40.0926408023
chr3_121001082_G_A	chr3	121001082	G	A	121001113	121001184	-21.7071960298	40.0926408023
chr3_121001094_G_T	chr3	121001094	G	T	121001113	121001184	-28.5854914433	40.0926408023
chr3_121001114_C_A	chr3	121001114	C	A	121001113	121001184	-7.40178856595	40.0926408023
chr3_121001117_CT_C	chr3	121001117	CT	C	121001113	121001184	11.5122817402	40.0926408023
chr3_121001118_T_C	chr3	121001118	T	C	121001113	121001184	-4.67664763081	40.0926408023
chr3_121001126_G_A	chr3	121001126	G	A	121001113	121001184	8.57447817837	40.0926408023
chr3_121001127_C_T	chr3	121001127	C	T	121001113	121001184	-8.14866760168	40.0926408023
chr3_121001128_G_A	chr3	121001128	G	A	121001113	121001184	-14.7128245476	40.0926408023
chr3_121001142_T_G	chr3	121001142	T	G	121001113	121001184	23.0419053361	40.0926408023
chr3_121001158_C_T	chr3	121001158	C	T	121001113	121001184	1.92461036607	40.0926408023
chr3_121001159_G_A	chr3	121001159	G	A	121001113	121001184	-17.0552539125	40.0926408023
chr3_121001163_C_T	chr3	121001163	C	T	121001113	121001184	-3.00914780934	40.0926408023
chr3_121001164_G_A	chr3	121001164	G	A	121001113	121001184	-27.0209179373	40.0926408023
chr3_121001165_G_A	chr3	121001165	G	A	121001113	121001184	-27.9938135219	40.0926408023
chr3_121001166_A_G	chr3	121001166	A	G	121001113	121001184	-25.544255522	40.0926408023
chr3_121001169_C_T	chr3	121001169	C	T	121001113	121001184	-20.0502659704	40.0926408023
chr3_121001170_G_A	chr3	121001170	G	A	121001113	121001184	-4.25043635658	40.0926408023
chr3_121001173_C_T	chr3	121001173	C	T	121001113	121001184	-9.88094026661	40.0926408023
chr3_121001174_T_C	chr3	121001174	T	C	121001113	121001184	6.81117731662	40.0926408023
chr3_121001181_C_T	chr3	121001181	C	T	121001113	121001184	-19.2813658946	40.0926408023
chr3_121001192_A_G	chr3	121001192	A	G	121001113	121001184	5.3480475382	40.0926408023
chr3_121001205_G_A	chr3	121001205	G	A	121001113	121001184	9.76259823048	40.0926408023
chr3_121001214_C_T	chr3	121001214	C	T	121001113	121001184	5.70014662757	40.0926408023
chr3_128992863_G_A	chr3	128992863	G	A	128992907	128992979	3.27127938707	73.555239963
chr3_128992892_A_G	chr3	128992892	A	G	128992907	128992979	-1.29553971862	73.555239963
chr3_128992916_T_G	chr3	128992916	T	G	128992907	128992979	0.675166844114	73.555239963
chr3_128992927_G_A	chr3	128992927	G	A	128992907	128992979	-48.9070875166	73.555239963
chr3_128992938_G_A	chr3	128992938	G	A	128992907	128992979	-7.86384748052	73.555239963
chr3_128992954_C_T	chr3	128992954	C	T	128992907	128992979	-5.59842090533	73.555239963
chr3_170857240_T_C	chr3	170857240	T	C	170857259	170857345	-5.71794467721	14.8551650177
chr3_170857243_T_G	chr3	170857243	T	G	170857259	170857345	18.4901484089	14.8551650177
chr3_170857244_T_C	chr3	170857244	T	C	170857259	170857345	3.15052081904	14.8551650177
chr3_170857250_T_C	chr3	170857250	T	C	170857259	170857345	-6.72172076051	14.8551650177
chr3_170857253_C_G	chr3	170857253	C	G	170857259	170857345	-9.24007413695	14.8551650177
chr3_170857254_A_G	chr3	170857254	A	G	170857259	170857345	-6.0851390116	14.8551650177
chr3_170857256_T_C	chr3	170857256	T	C	170857259	170857345	-14.3955219883	14.8551650177
chr3_170857269_G_A	chr3	170857269	G	A	170857259	170857345	0.970393830454	14.8551650177
chr3_170857278_T_C	chr3	170857278	T	C	170857259	170857345	44.2901299229	14.8551650177
chr3_170857282_G_A	chr3	170857282	G	A	170857259	170857345	-10.685813806	14.8551650177
chr3_170857321_C_T	chr3	170857321	C	T	170857259	170857345	-8.38206688252	14.8551650177
chr3_170857325_T_C	chr3	170857325	T	C	170857259	170857345	53.9118829409	14.8551650177
chr3_170857332_C_T	chr3	170857332	C	T	170857259	170857345	-6.54668166479	14.8551650177
chr3_170857342_A_G	chr3	170857342	A	G	170857259	170857345	-1.43290574917	14.8551650177
chr3_170857355_T_C	chr3	170857355	T	C	170857259	170857345	-7.22120717569	14.8551650177
chr3_170857358_G_A	chr3	170857358	G	A	170857259	170857345	30.677185994	14.8551650177
chr3_170857376_G_A	chr3	170857376	G	A	170857259	170857345	2.21033823286	14.8551650177
chr3_170857379_CAGAA_C	chr3	170857379	CAGAA	C	170857259	170857345	-5.318617684	14.8551650177
chr3_170857387_AAG_A	chr3	170857387	AAG	A	170857259	170857345	3.33451739585	14.8551650177
chr3_170857388_A_G	chr3	170857388	A	G	170857259	170857345	-8.34030920554	14.8551650177
chr3_170857392_A_G	chr3	170857392	A	G	170857259	170857345	-4.35503520537	14.8551650177
chr3_197417926_C_T	chr3	197417926	C	T	197417945	197418019	-1.80824956883	71.602839131
chr3_197417954_T_C	chr3	197417954	T	C	197417945	197418019	-0.76009680835	71.602839131
chr3_197417955_C_T	chr3	197417955	C	T	197417945	197418019	-10.7633358496	71.602839131
chr3_197417973_C_T	chr3	197417973	C	T	197417945	197418019	-4.17344376102	71.602839131
chr3_197417978_C_T	chr3	197417978	C	T	197417945	197418019	-26.9523471809	71.602839131
chr3_197418011_C_T	chr3	197418011	C	T	197417945	197418019	-9.20250002525	71.602839131
chr3_197418012_G_A	chr3	197418012	G	A	197417945	197418019	-11.6087309328	71.602839131
chr3_38134230_G_C	chr3	38134230	G	C	38134281	38134371	-8.19982507589	83.6728435504
chr3_38134232_G_A	chr3	38134232	G	A	38134281	38134371	0.0853050056333	83.6728435504
chr3_38134247_T_C	chr3	38134247	T	C	38134281	38134371	1.14035087719	83.6728435504
chr3_38134250_G_C	chr3	38134250	G	C	38134281	38134371	2.28414172687	83.6728435504
chr3_38134258_G_A	chr3	38134258	G	A	38134281	38134371	2.18404019758	83.6728435504
chr3_38134259_G_A	chr3	38134259	G	A	38134281	38134371	5.16912785561	83.6728435504
chr3_38134261_A_G	chr3	38134261	A	G	38134281	38134371	3.32896297684	83.6728435504
chr3_38134264_A_G	chr3	38134264	A	G	38134281	38134371	-10.6453634085	83.6728435504
chr3_38134266_C_T	chr3	38134266	C	T	38134281	38134371	3.73340298637	83.6728435504
chr3_38134268_T_C	chr3	38134268	T	C	38134281	38134371	-1.39076945476	83.6728435504
chr3_38134269_T_C	chr3	38134269	T	C	38134281	38134371	-13.0436048628	83.6728435504
chr3_38134270_C_T	chr3	38134270	C	T	38134281	38134371	4.81959616021	83.6728435504
chr3_38134272_C_T	chr3	38134272	C	T	38134281	38134371	-4.15720491452	83.6728435504
chr3_38134278_C_T	chr3	38134278	C	T	38134281	38134371	-0.986720946011	83.6728435504
chr3_38134291_C_T	chr3	38134291	C	T	38134281	38134371	0.510828445934	83.6728435504
chr3_38134296_A_G	chr3	38134296	A	G	38134281	38134371	1.85463659148	83.6728435504
chr3_38134301_C_G	chr3	38134301	C	G	38134281	38134371	-0.834957764782	83.6728435504
chr3_38134309_A_G	chr3	38134309	A	G	38134281	38134371	0.78320802005	83.6728435504
chr3_38134321_CCTT_C	chr3	38134321	CCTT	C	38134281	38134371	3.81003413511	83.6728435504
chr3_38134324_T_A	chr3	38134324	T	A	38134281	38134371	2.36484067311	83.6728435504
chr3_38134328_C_G	chr3	38134328	C	G	38134281	38134371	-3.81695968844	83.6728435504
chr3_38134333_T_C	chr3	38134333	T	C	38134281	38134371	6.84056969557	83.6728435504
chr3_38134337_C_T	chr3	38134337	C	T	38134281	38134371	0.886113589057	83.6728435504
chr3_38134338_G_A	chr3	38134338	G	A	38134281	38134371	-1.36286662602	83.6728435504
chr3_38134350_A_G	chr3	38134350	A	G	38134281	38134371	-59.683824947	83.6728435504
chr3_38134358_G_A	chr3	38134358	G	A	38134281	38134371	-0.888906437136	83.6728435504
chr3_38134369_T_C	chr3	38134369	T	C	38134281	38134371	8.44804318489	83.6728435504
chr3_38134370_A_G	chr3	38134370	A	G	38134281	38134371	-23.1842678592	83.6728435504
chr3_38134375_G_T	chr3	38134375	G	T	38134281	38134371	-1.29964912281	83.6728435504
chr3_38134387_C_T	chr3	38134387	C	T	38134281	38134371	1.97368421053	83.6728435504
chr3_50212479_C_G	chr3	50212479	C	G	50212529	50212621	2.50952690771	54.4210860519
chr3_50212486_C_A	chr3	50212486	C	A	50212529	50212621	-4.60377358491	54.4210860519
chr3_50212487_C_G	chr3	50212487	C	G	50212529	50212621	9.59831700743	54.4210860519
chr3_50212498_C_T	chr3	50212498	C	T	50212529	50212621	6.57614273309	54.4210860519
chr3_50212506_AC_GC	chr3	50212506	AC	GC	50212529	50212621	-11.6223609455	54.4210860519
chr3_50212507_C_T	chr3	50212507	C	T	50212529	50212621	-1.44073010664	54.4210860519
chr3_50212508_C_A	chr3	50212508	C	A	50212529	50212621	8.72061120257	54.4210860519
chr3_50212509_CCT_C	chr3	50212509	CCT	C	50212529	50212621	6.14132445431	54.4210860519
chr3_50212512_G_C	chr3	50212512	G	C	50212529	50212621	7.12171661117	54.4210860519
chr3_50212519_G_A	chr3	50212519	G	A	50212529	50212621	-0.495176299838	54.4210860519
chr3_50212532_A_C	chr3	50212532	A	C	50212529	50212621	-25.7094646418	54.4210860519
chr3_50212540_G_C	chr3	50212540	G	C	50212529	50212621	14.2295597484	54.4210860519
chr3_50212554_C_T	chr3	50212554	C	T	50212529	50212621	23.6779165559	54.4210860519
chr3_50212555_G_A	chr3	50212555	G	A	50212529	50212621	25.5154317131	54.4210860519
chr3_50212556_G_A	chr3	50212556	G	A	50212529	50212621	22.9582702107	54.4210860519
chr3_50212565_C_T	chr3	50212565	C	T	50212529	50212621	24.9604722252	54.4210860519
chr3_50212566_G_A	chr3	50212566	G	A	50212529	50212621	20.3746436813	54.4210860519
chr3_50212567_C_T	chr3	50212567	C	T	50212529	50212621	11.373754505	54.4210860519
chr3_50212568_G_A	chr3	50212568	G	A	50212529	50212621	27.6171337129	54.4210860519
chr3_50212572_G_T	chr3	50212572	G	T	50212529	50212621	21.1391731236	54.4210860519
chr3_50212577_G_A	chr3	50212577	G	A	50212529	50212621	26.5866209262	54.4210860519
chr3_50212581_C_T	chr3	50212581	C	T	50212529	50212621	19.725213376	54.4210860519
chr3_50212582_G_T	chr3	50212582	G	T	50212529	50212621	26.4037452121	54.4210860519
chr3_50212594_C_T	chr3	50212594	C	T	50212529	50212621	25.5340604517	54.4210860519
chr3_50212595_C_A	chr3	50212595	C	A	50212529	50212621	26.5940583934	54.4210860519
chr3_50212596_G_C	chr3	50212596	G	C	50212529	50212621	-21.2589459987	54.4210860519
chr3_50212599_C_T	chr3	50212599	C	T	50212529	50212621	23.78599499	54.4210860519
chr3_50212600_G_T	chr3	50212600	G	T	50212529	50212621	16.3809758704	54.4210860519
chr3_50212601_A_G	chr3	50212601	A	G	50212529	50212621	-24.3457090688	54.4210860519
chr3_50212610_G_A	chr3	50212610	G	A	50212529	50212621	21.4784181959	54.4210860519
chr3_50212616_C_T	chr3	50212616	C	T	50212529	50212621	24.6462264151	54.4210860519
chr3_50212621_G_A	chr3	50212621	G	A	50212529	50212621	-50.2545672357	54.4210860519
chr3_50212623_TG_T	chr3	50212623	TG	T	50212529	50212621	-7.19200887902	54.4210860519
chr3_50212630_C_T	chr3	50212630	C	T	50212529	50212621	6.5932524374	54.4210860519
chr3_50212638_C_T	chr3	50212638	C	T	50212529	50212621	11.8893771	54.4210860519
chr3_52019836_G_A	chr3	52019836	G	A	52019868	52019962	1.82231270019	83.4741861377
chr3_52019840_G_C	chr3	52019840	G	C	52019868	52019962	-1.24856185092	83.4741861377
chr3_52019857_C_T	chr3	52019857	C	T	52019868	52019962	5.66242099936	83.4741861377
chr3_52019858_C_T	chr3	52019858	C	T	52019868	52019962	6.85462029407	83.4741861377
chr3_52019861_C_T	chr3	52019861	C	T	52019868	52019962	3.16878232252	83.4741861377
chr3_52019873_T_C	chr3	52019873	T	C	52019868	52019962	3.37839726898	83.4741861377
chr3_52019881_A_G	chr3	52019881	A	G	52019868	52019962	7.12021720111	83.4741861377
chr3_52019882_C_T	chr3	52019882	C	T	52019868	52019962	4.38090353464	83.4741861377
chr3_52019883_G_A	chr3	52019883	G	A	52019868	52019962	7.05683829453	83.4741861377
chr3_52019885_C_T	chr3	52019885	C	T	52019868	52019962	2.38107819188	83.4741861377
chr3_52019886_C_G	chr3	52019886	C	G	52019868	52019962	6.9411400461	83.4741861377
chr3_52019892_G_A	chr3	52019892	G	A	52019868	52019962	4.6222200945	83.4741861377
chr3_52019910_G_C	chr3	52019910	G	C	52019868	52019962	5.77747797469	83.4741861377
chr3_52019914_G_A	chr3	52019914	G	A	52019868	52019962	9.61109001483	83.4741861377
chr3_52019923_A_G	chr3	52019923	A	G	52019868	52019962	8.15824713499	83.4741861377
chr3_52019928_A_G	chr3	52019928	A	G	52019868	52019962	3.16878232252	83.4741861377
chr3_52019929_G_C	chr3	52019929	G	C	52019868	52019962	-0.942103411084	83.4741861377
chr3_52019930_G_A	chr3	52019930	G	A	52019868	52019962	4.35672558493	83.4741861377
chr3_52019935_C_T	chr3	52019935	C	T	52019868	52019962	4.959258513	83.4741861377
chr3_52019948_G_C	chr3	52019948	G	C	52019868	52019962	3.85029379351	83.4741861377
chr3_52019951_C_A	chr3	52019951	C	A	52019868	52019962	6.84479478358	83.4741861377
chr3_52019952_G_A	chr3	52019952	G	A	52019868	52019962	7.45566088813	83.4741861377
chr3_52019956_G_C	chr3	52019956	G	C	52019868	52019962	3.02385478629	83.4741861377
chr3_52019960_C_T	chr3	52019960	C	T	52019868	52019962	-1.63592607769	83.4741861377
chr3_52019971_C_T	chr3	52019971	C	T	52019868	52019962	5.31330446704	83.4741861377
chr3_9729456_C_A	chr3	9729456	C	A	9729505	9729575	7.86067855262	62.2680963831
chr3_9729459_C_T	chr3	9729459	C	T	9729505	9729575	13.6466007787	62.2680963831
chr3_9729467_G_A	chr3	9729467	G	A	9729505	9729575	6.55961278383	62.2680963831
chr3_9729472_TCTC_T	chr3	9729472	TCTC	T	9729505	9729575	15.0333439864	62.2680963831
chr3_9729473_C_T	chr3	9729473	C	T	9729505	9729575	-30.1370459352	62.2680963831
chr3_9729477_T_C	chr3	9729477	T	C	9729505	9729575	10.4520965824	62.2680963831
chr3_9729482_C_T	chr3	9729482	C	T	9729505	9729575	16.4482620052	62.2680963831
chr3_9729483_G_A	chr3	9729483	G	A	9729505	9729575	0.839013881267	62.2680963831
chr3_9729487_C_T	chr3	9729487	C	T	9729505	9729575	19.7123733027	62.2680963831
chr3_9729496_C_G	chr3	9729496	C	G	9729505	9729575	2.1921806754	62.2680963831
chr3_9729500_T_C	chr3	9729500	T	C	9729505	9729575	10.5575329292	62.2680963831
chr3_9729507_TTTC_T	chr3	9729507	TTTC	T	9729505	9729575	0.77005970584	62.2680963831
chr3_9729516_C_T	chr3	9729516	C	T	9729505	9729575	-21.8037518038	62.2680963831
chr3_9729536_A_G	chr3	9729536	A	G	9729505	9729575	4.46254555504	62.2680963831
chr3_9729538_A_G	chr3	9729538	A	G	9729505	9729575	9.29390319143	62.2680963831
chr3_9729540_T_C	chr3	9729540	T	C	9729505	9729575	16.7697363821	62.2680963831
chr3_9729546_C_T	chr3	9729546	C	T	9729505	9729575	-17.1162702712	62.2680963831
chr3_9729547_G_C	chr3	9729547	G	C	9729505	9729575	-21.5924495924	62.2680963831
chr3_9729559_G_A	chr3	9729559	G	A	9729505	9729575	-1.58659872313	62.2680963831
chr3_9729564_G_A	chr3	9729564	G	A	9729505	9729575	-6.91344713986	62.2680963831
chr3_9729570_C_G	chr3	9729570	C	G	9729505	9729575	4.19214703425	62.2680963831
chr3_9729591_C_T	chr3	9729591	C	T	9729505	9729575	4.26800433329	62.2680963831
chr3_9729593_C_T	chr3	9729593	C	T	9729505	9729575	12.3784624961	62.2680963831
chr3_9729594_G_A	chr3	9729594	G	A	9729505	9729575	3.69089390142	62.2680963831
chr3_9729602_C_A	chr3	9729602	C	A	9729505	9729575	-3.98071127185	62.2680963831
chr4_170429895_G_A	chr4	170429895	G	A	170429920	170430003	-4.53182507959	76.7019400353
chr4_170429901_G_A	chr4	170429901	G	A	170429920	170430003	-10.049672194	76.7019400353
chr4_170429908_C_A	chr4	170429908	C	A	170429920	170430003	-9.26340491887	76.7019400353
chr4_170429909_G_A	chr4	170429909	G	A	170429920	170430003	-15.4212044811	76.7019400353
chr4_170429941_C_T	chr4	170429941	C	T	170429920	170430003	-15.2256419722	76.7019400353
chr4_170429944_C_T	chr4	170429944	C	T	170429920	170430003	-10.8244327957	76.7019400353
chr4_170429947_T_G	chr4	170429947	T	G	170429920	170430003	-35.7960827673	76.7019400353
chr4_170429954_G_T	chr4	170429954	G	T	170429920	170430003	-53.9584759297	76.7019400353
chr4_170429957_G_C	chr4	170429957	G	C	170429920	170430003	4.8282039252	76.7019400353
chr4_170429972_C_G	chr4	170429972	C	G	170429920	170430003	-45.6067467171	76.7019400353
chr4_170429980_A_G	chr4	170429980	A	G	170429920	170430003	5.43220507386	76.7019400353
chr4_170429985_C_T	chr4	170429985	C	T	170429920	170430003	-27.1094907216	76.7019400353
chr4_170429991_T_C	chr4	170429991	T	C	170429920	170430003	-12.8633137819	76.7019400353
chr4_170430014_T_A	chr4	170430014	T	A	170429920	170430003	0.0877142866745	76.7019400353
chr4_170430016_T_C	chr4	170430016	T	C	170429920	170430003	-24.9611859568	76.7019400353
chr4_170430020_G_A	chr4	170430020	G	A	170429920	170430003	-4.36251633377	76.7019400353
chr4_170430045_G_C	chr4	170430045	G	C	170429920	170430003	-24.082796054	76.7019400353
chr4_17964571_AT_A	chr4	17964571	AT	A	17964593	17964672	3.71746657116	79.0618446525
chr4_17964578_A_G	chr4	17964578	A	G	17964593	17964672	5.52755376344	79.0618446525
chr4_17964594_C_G	chr4	17964594	C	G	17964593	17964672	-24.3315793977	79.0618446525
chr4_17964595_T_C	chr4	17964595	T	C	17964593	17964672	6.06518817204	79.0618446525
chr4_17964614_G_T	chr4	17964614	G	T	17964593	17964672	2.15773809524	79.0618446525
chr4_17964617_A_G	chr4	17964617	A	G	17964593	17964672	11.0578936348	79.0618446525
chr4_17964629_T_C	chr4	17964629	T	C	17964593	17964672	-6.96022727273	79.0618446525
chr4_17964642_G_A	chr4	17964642	G	A	17964593	17964672	3.13143004115	79.0618446525
chr4_17964657_T_A	chr4	17964657	T	A	17964593	17964672	5.06628787879	79.0618446525
chr4_17964658_C_T	chr4	17964658	C	T	17964593	17964672	7.47319489685	79.0618446525
chr4_17964659_T_C	chr4	17964659	T	C	17964593	17964672	5.56891025641	79.0618446525
chr4_17964685_G_A	chr4	17964685	G	A	17964593	17964672	6.61940161527	79.0618446525
chr4_17964692_T_A	chr4	17964692	T	A	17964593	17964672	10.1806055156	79.0618446525
chr4_17964701_T_C	chr4	17964701	T	C	17964593	17964672	4.47280534351	79.0618446525
chr4_17964703_T_C	chr4	17964703	T	C	17964593	17964672	8.79850508906	79.0618446525
chr4_17964704_A_G	chr4	17964704	A	G	17964593	17964672	3.76320422535	79.0618446525
chr4_17964708_A_C	chr4	17964708	A	C	17964593	17964672	6.45482209738	79.0618446525
chr4_17964720_C_T	chr4	17964720	C	T	17964593	17964672	11.5572257384	79.0618446525
chr4_17964723_A_G	chr4	17964723	A	G	17964593	17964672	9.78173597025	79.0618446525
chr4_78870903_T_C	chr4	78870903	T	C	78870951	78871032	-5.70774418001	84.7278437955
chr4_78870904_C_T	chr4	78870904	C	T	78870951	78871032	-0.280140170494	84.7278437955
chr4_78870915_CT_C	chr4	78870915	CT	C	78870951	78871032	1.89938840555	84.7278437955
chr4_78870929_T_C	chr4	78870929	T	C	78870951	78871032	-4.26089867579	84.7278437955
chr4_78870934_A_G	chr4	78870934	A	G	78870951	78871032	-10.0600877496	84.7278437955
chr4_78870940_T_A	chr4	78870940	T	A	78870951	78871032	-7.71499408533	84.7278437955
chr4_78870942_T_C	chr4	78870942	T	C	78870951	78871032	-5.9303711786	84.7278437955
chr4_78870951_T_C	chr4	78870951	T	C	78870951	78871032	1.43409473659	84.7278437955
chr4_78870953_G_A	chr4	78870953	G	A	78870951	78871032	-16.5369197562	84.7278437955
chr4_78870955_A_G	chr4	78870955	A	G	78870951	78871032	-2.72622201225	84.7278437955
chr4_78870961_C_T	chr4	78870961	C	T	78870951	78871032	-2.16263387006	84.7278437955
chr4_78870971_G_C	chr4	78870971	G	C	78870951	78871032	-8.2214053822	84.7278437955
chr4_78870988_A_G	chr4	78870988	A	G	78870951	78871032	0.0572831423895	84.7278437955
chr4_78870994_T_C	chr4	78870994	T	C	78870951	78871032	1.19960523977	84.7278437955
chr4_78871010_T_C	chr4	78871010	T	C	78870951	78871032	-1.60938352428	84.7278437955
chr4_78871013_G_T	chr4	78871013	G	T	78870951	78871032	-0.239520510579	84.7278437955
chr4_78871015_A_C	chr4	78871015	A	C	78870951	78871032	-10.263817775	84.7278437955
chr4_78871021_C_G	chr4	78871021	C	G	78870951	78871032	-10.5164873494	84.7278437955
chr4_78871022_G_A	chr4	78871022	G	A	78870951	78871032	-2.42239165436	84.7278437955
chr4_78871027_A_AT	chr4	78871027	A	AT	78870951	78871032	-7.06915363922	84.7278437955
chr4_78871029_T_A	chr4	78871029	T	A	78870951	78871032	-9.58386518297	84.7278437955
chr4_78871031_G_A	chr4	78871031	G	A	78870951	78871032	-5.08834792557	84.7278437955
chr4_78871049_G_A	chr4	78871049	G	A	78870951	78871032	-6.38601582668	84.7278437955
chr5_137595225_G_A	chr5	137595225	G	A	137595246	137595338	0.206120894385	68.7333169649
chr5_137595228_C_T	chr5	137595228	C	T	137595246	137595338	1.47183944845	68.7333169649
chr5_137595233_T_C	chr5	137595233	T	C	137595246	137595338	0.0843962483479	68.7333169649
chr5_137595243_C_T	chr5	137595243	C	T	137595246	137595338	11.6192782378	68.7333169649
chr5_137595279_T_C	chr5	137595279	T	C	137595246	137595338	0.102761721259	68.7333169649
chr5_137595303_T_C	chr5	137595303	T	C	137595246	137595338	6.53438565288	68.7333169649
chr5_137595311_T_C	chr5	137595311	T	C	137595246	137595338	-0.177712928148	68.7333169649
chr5_137595321_C_T	chr5	137595321	C	T	137595246	137595338	-0.750936551794	68.7333169649
chr5_137595346_C_T	chr5	137595346	C	T	137595246	137595338	-9.81705500268	68.7333169649
chr5_137595350_G_T	chr5	137595350	G	T	137595246	137595338	-6.86559736631	68.7333169649
chr5_137595352_G_A	chr5	137595352	G	A	137595246	137595338	1.00408262258	68.7333169649
chr5_137595368_C_A	chr5	137595368	C	A	137595246	137595338	8.78643219912	68.7333169649
chr5_137595382_G_T	chr5	137595382	G	T	137595246	137595338	5.04199783237	68.7333169649
chr5_220308_C_T	chr5	220308	C	T	220355	220452	-2.48142391299	67.5271129288
chr5_220316_T_C	chr5	220316	T	C	220355	220452	-1.43359156617	67.5271129288
chr5_220335_G_A	chr5	220335	G	A	220355	220452	-64.6323916752	67.5271129288
chr5_220368_C_T	chr5	220368	C	T	220355	220452	-25.3161916362	67.5271129288
chr5_220382_G_C	chr5	220382	G	C	220355	220452	-8.88973191705	67.5271129288
chr5_220406_A_C	chr5	220406	A	C	220355	220452	-2.59148630301	67.5271129288
chr5_220417_A_G	chr5	220417	A	G	220355	220452	2.73401629469	67.5271129288
chr5_220464_C_G	chr5	220464	C	G	220355	220452	-9.74384087365	67.5271129288
chr5_96472841_C_T	chr5	96472841	C	T	96472808	96472896	0.0	0.0
chr6_135508921_G_A	chr6	135508921	G	A	135508972	135509043	-9.81848960782	83.6338918984
chr6_135508928_A_G	chr6	135508928	A	G	135508972	135509043	-3.65591397849	83.6338918984
chr6_135508975_G_C	chr6	135508975	G	C	135508972	135509043	-3.05701425356	83.6338918984
chr6_135508979_A_G	chr6	135508979	A	G	135508972	135509043	-5.24905961473	83.6338918984
chr6_135508985_A_G	chr6	135508985	A	G	135508972	135509043	-1.18545537444	83.6338918984
chr6_135508987_A_C	chr6	135508987	A	C	135508972	135509043	-3.66044142615	83.6338918984
chr6_135508999_C_G	chr6	135508999	C	G	135508972	135509043	-5.35691151704	83.6338918984
chr6_135509024_T_G	chr6	135509024	T	G	135508972	135509043	-7.33465489277	83.6338918984
chr6_135509041_C_T	chr6	135509041	C	T	135508972	135509043	-3.23657709085	83.6338918984
chr6_135509042_C_T	chr6	135509042	C	T	135508972	135509043	-6.88466637207	83.6338918984
chr6_135509048_G_GT	chr6	135509048	G	GT	135508972	135509043	-5.64516129032	83.6338918984
chr6_135509056_GT_G	chr6	135509056	GT	G	135508972	135509043	3.0500131845	83.6338918984
chr6_135509057_T_C	chr6	135509057	T	C	135508972	135509043	-5.15096774194	83.6338918984
chr6_135509067_A_G	chr6	135509067	A	G	135508972	135509043	-0.802950375799	83.6338918984
chr6_135509069_C_T	chr6	135509069	C	T	135508972	135509043	-0.804606185871	83.6338918984
chr6_135509070_G_C	chr6	135509070	G	C	135508972	135509043	-6.49001536098	83.6338918984
chr6_142704847_A_G	chr6	142704847	A	G	142704897	142704980	-5.33351714065	37.4854280669
chr6_142704852_C_T	chr6	142704852	C	T	142704897	142704980	2.13600012458	37.4854280669
chr6_142704855_G_A	chr6	142704855	G	A	142704897	142704980	-5.46935366726	37.4854280669
chr6_142704856_T_A	chr6	142704856	T	A	142704897	142704980	-2.72673972651	37.4854280669
chr6_142704860_C_CT	chr6	142704860	C	CT	142704897	142704980	2.46007986043	37.4854280669
chr6_142704874_A_G	chr6	142704874	A	G	142704897	142704980	10.4430772552	37.4854280669
chr6_142704884_T_G	chr6	142704884	T	G	142704897	142704980	-36.6192015016	37.4854280669
chr6_142704885_C_G	chr6	142704885	C	G	142704897	142704980	-8.15794035029	37.4854280669
chr6_142704893_C_G	chr6	142704893	C	G	142704897	142704980	-29.9396978644	37.4854280669
chr6_142704909_C_T	chr6	142704909	C	T	142704897	142704980	-20.8725177189	37.4854280669
chr6_142704911_C_T	chr6	142704911	C	T	142704897	142704980	-2.14684462652	37.4854280669
chr6_142704919_T_A	chr6	142704919	T	A	142704897	142704980	7.0428113587	37.4854280669
chr6_142704922_A_C	chr6	142704922	A	C	142704897	142704980	-22.0557572436	37.4854280669
chr6_142704937_C_T	chr6	142704937	C	T	142704897	142704980	-19.7177143342	37.4854280669
chr6_142704938_A_G	chr6	142704938	A	G	142704897	142704980	30.7918479813	37.4854280669
chr6_142704942_A_G	chr6	142704942	A	G	142704897	142704980	19.8478391599	37.4854280669
chr6_142704947_C_A	chr6	142704947	C	A	142704897	142704980	-0.161329706654	37.4854280669
chr6_142704964_C_T	chr6	142704964	C	T	142704897	142704980	-14.382500335	37.4854280669
chr6_142704965_G_A	chr6	142704965	G	A	142704897	142704980	-17.6706550041	37.4854280669
chr6_142704971_C_A	chr6	142704971	C	A	142704897	142704980	-7.51537582806	37.4854280669
chr6_142704977_A_C	chr6	142704977	A	C	142704897	142704980	-19.112375752	37.4854280669
chr6_142704978_A_G	chr6	142704978	A	G	142704897	142704980	-14.7344902753	37.4854280669
chr6_142704985_G_T	chr6	142704985	G	T	142704897	142704980	-36.2662543278	37.4854280669
chr6_142704991_A_G	chr6	142704991	A	G	142704897	142704980	-2.08400160012	37.4854280669
chr6_142704995_C_T	chr6	142704995	C	T	142704897	142704980	2.79664830134	37.4854280669
chr6_155571626_C_G	chr6	155571626	C	G	155571672	155571758	6.04519774011	6.88294427896
chr6_155571634_C_T	chr6	155571634	C	T	155571672	155571758	17.3813664447	6.88294427896
chr6_155571638_C_G	chr6	155571638	C	G	155571672	155571758	17.5644442594	6.88294427896
chr6_155571661_T_C	chr6	155571661	T	C	155571672	155571758	-4.38770269279	6.88294427896
chr6_155571697_T_C	chr6	155571697	T	C	155571672	155571758	6.67468852424	6.88294427896
chr6_18244744_A_C	chr6	18244744	A	C	18244739	18244834	2.6407004468	66.9366537718
chr6_18244745_T_C	chr6	18244745	T	C	18244739	18244834	7.63924229573	66.9366537718
chr6_18244746_T_C	chr6	18244746	T	C	18244739	18244834	10.4593889205	66.9366537718
chr6_18244788_C_T	chr6	18244788	C	T	18244739	18244834	13.6177468964	66.9366537718
chr6_18244825_A_C	chr6	18244825	A	C	18244739	18244834	4.05730419324	66.9366537718
chr6_18244880_ATTCT_A	chr6	18244880	ATTCT	A	18244739	18244834	7.82442748092	66.9366537718
chr6_31664722_C_A	chr6	31664722	C	A	31664725	31664810	1.02591564752	92.6230894157
chr6_31664724_C_T	chr6	31664724	C	T	31664725	31664810	-88.7162493864	92.6230894157
chr6_31664740_C_T	chr6	31664740	C	T	31664725	31664810	1.35772194975	92.6230894157
chr6_31664747_C_T	chr6	31664747	C	T	31664725	31664810	-2.29931312436	92.6230894157
chr6_31664748_G_A	chr6	31664748	G	A	31664725	31664810	-4.63433269483	92.6230894157
chr6_31664752_T_C	chr6	31664752	T	C	31664725	31664810	-1.08846432737	92.6230894157
chr6_31664776_C_A	chr6	31664776	C	A	31664725	31664810	0.519339586079	92.6230894157
chr6_31664780_C_T	chr6	31664780	C	T	31664725	31664810	-2.2414130063	92.6230894157
chr6_31664781_G_A	chr6	31664781	G	A	31664725	31664810	-5.72132168554	92.6230894157
chr6_31664785_C_A	chr6	31664785	C	A	31664725	31664810	4.7117958649	92.6230894157
chr6_31664786_T_A	chr6	31664786	T	A	31664725	31664810	1.91867124857	92.6230894157
chr6_31664789_G_A	chr6	31664789	G	A	31664725	31664810	-3.14524222242	92.6230894157
chr6_31664801_C_T	chr6	31664801	C	T	31664725	31664810	-1.66798538549	92.6230894157
chr6_31664802_G_A	chr6	31664802	G	A	31664725	31664810	-1.12226442395	92.6230894157
chr6_31664813_G_A	chr6	31664813	G	A	31664725	31664810	-2.52577319588	92.6230894157
chr6_31664814_G_A	chr6	31664814	G	A	31664725	31664810	-3.28158714936	92.6230894157
chr6_31664818_A_G	chr6	31664818	A	G	31664725	31664810	-1.30275161314	92.6230894157
chr6_31664834_A_G	chr6	31664834	A	G	31664725	31664810	-1.2050184789	92.6230894157
chr6_31664852_A_T	chr6	31664852	A	T	31664725	31664810	-0.843702955581	92.6230894157
chr6_31664855_C_G	chr6	31664855	C	G	31664725	31664810	-3.21759709525	92.6230894157
chr6_32180579_G_A	chr6	32180579	G	A	32180601	32180688	2.15223352752	9.92553673991
chr6_32180599_A_G	chr6	32180599	A	G	32180601	32180688	-9.87430139359	9.92553673991
chr6_32180602_T_C	chr6	32180602	T	C	32180601	32180688	-9.76499095612	9.92553673991
chr6_32180610_G_A	chr6	32180610	G	A	32180601	32180688	0.255858379258	9.92553673991
chr6_32180616_G_A	chr6	32180616	G	A	32180601	32180688	-3.89307873796	9.92553673991
chr6_32180623_C_A	chr6	32180623	C	A	32180601	32180688	7.9930464363	9.92553673991
chr6_32180635_A_G	chr6	32180635	A	G	32180601	32180688	6.53092522418	9.92553673991
chr6_32180642_G_A	chr6	32180642	G	A	32180601	32180688	-4.36694836146	9.92553673991
chr6_32180654_G_T	chr6	32180654	G	T	32180601	32180688	4.80243693775	9.92553673991
chr6_32180655_G_T	chr6	32180655	G	T	32180601	32180688	2.68903155828	9.92553673991
chr6_32180672_C_T	chr6	32180672	C	T	32180601	32180688	43.0778460453	9.92553673991
chr6_32180684_A_C	chr6	32180684	A	C	32180601	32180688	-5.72542249187	9.92553673991
chr6_32180699_C_T	chr6	32180699	C	T	32180601	32180688	-2.41854596332	9.92553673991
chr6_32180701_G_A	chr6	32180701	G	A	32180601	32180688	18.8441124628	9.92553673991
chr6_32180708_G_A	chr6	32180708	G	A	32180601	32180688	1.16476360802	9.92553673991
chr6_32180715_T_C	chr6	32180715	T	C	32180601	32180688	0.385755817938	9.92553673991
chr6_32180720_A_G	chr6	32180720	A	G	32180601	32180688	6.77191875077	9.92553673991
chr6_32180722_A_T	chr6	32180722	A	T	32180601	32180688	3.05286941155	9.92553673991
chr6_32180728_G_A	chr6	32180728	G	A	32180601	32180688	-0.53939453786	9.92553673991
chr6_44136630_T_C	chr6	44136630	T	C	44136679	44136768	5.58567856151	76.7655558811
chr6_44136666_TA_T	chr6	44136666	TA	T	44136679	44136768	8.84305910663	76.7655558811
chr6_44136671_T_TA	chr6	44136671	T	TA	44136679	44136768	6.32591041853	76.7655558811
chr6_44136680_G_A	chr6	44136680	G	A	44136679	44136768	5.7515829647	76.7655558811
chr6_44136691_G_T	chr6	44136691	G	T	44136679	44136768	7.5423847555	76.7655558811
chr6_44136716_A_G	chr6	44136716	A	G	44136679	44136768	10.5273692743	76.7655558811
chr6_44136743_C_T	chr6	44136743	C	T	44136679	44136768	7.17053438365	76.7655558811
chr6_44136758_C_A	chr6	44136758	C	A	44136679	44136768	9.38914910226	76.7655558811
chr6_64289118_T_A	chr6	64289118	T	A	64289162	64289236	1.26430984921	85.3255745622
chr6_64289122_A_G	chr6	64289122	A	G	64289162	64289236	2.33179036044	85.3255745622
chr6_64289126_T_C	chr6	64289126	T	C	64289162	64289236	0.728130147341	85.3255745622
chr6_64289134_CTATT_ATATT	chr6	64289134	CTATT	ATATT	64289162	64289236	-0.843368858451	85.3255745622
chr6_64289136_A_G	chr6	64289136	A	G	64289162	64289236	3.97168077451	85.3255745622
chr6_64289139_T_A	chr6	64289139	T	A	64289162	64289236	1.92767891722	85.3255745622
chr6_64289149_C_T	chr6	64289149	C	T	64289162	64289236	0.777256797196	85.3255745622
chr6_64289154_C_T	chr6	64289154	C	T	64289162	64289236	1.46944301006	85.3255745622
chr6_64289158_C_T	chr6	64289158	C	T	64289162	64289236	-0.347353732682	85.3255745622
chr6_64289159_C_T	chr6	64289159	C	T	64289162	64289236	-2.19324042109	85.3255745622
chr6_64289219_A_G	chr6	64289219	A	G	64289162	64289236	2.74689862887	85.3255745622
chr6_64289220_G_A	chr6	64289220	G	A	64289162	64289236	-1.22522695308	85.3255745622
chr6_64289245_T_C	chr6	64289245	T	C	64289162	64289236	-0.0989643268124	85.3255745622
chr6_64289258_C_T	chr6	64289258	C	T	64289162	64289236	2.19392472305	85.3255745622
chr6_64289263_G_A	chr6	64289263	G	A	64289162	64289236	0.819858942376	85.3255745622
chr6_64289264_T_C	chr6	64289264	T	C	64289162	64289236	2.36471173512	85.3255745622
chr6_89511249_A_C	chr6	89511249	A	C	89511283	89511351	1.78571428571	83.2829620129
chr6_89511253_G_A	chr6	89511253	G	A	89511283	89511351	3.76344086022	83.2829620129
chr6_89511262_C_G	chr6	89511262	C	G	89511283	89511351	4.65916197624	83.2829620129
chr6_89511264_C_T	chr6	89511264	C	T	89511283	89511351	3.73364126251	83.2829620129
chr6_89511266_C_T	chr6	89511266	C	T	89511283	89511351	6.05381165919	83.2829620129
chr6_89511270_C_A	chr6	89511270	C	A	89511283	89511351	-5.68181818182	83.2829620129
chr6_89511307_A_G	chr6	89511307	A	G	89511283	89511351	2.54237288136	83.2829620129
chr6_89511314_T_C	chr6	89511314	T	C	89511283	89511351	1.1839708561	83.2829620129
chr6_89511315_C_T	chr6	89511315	C	T	89511283	89511351	2.09380234506	83.2829620129
chr6_89511342_C_T	chr6	89511342	C	T	89511283	89511351	2.85786545271	83.2829620129
chr6_89511348_G_C	chr6	89511348	G	C	89511283	89511351	-11.7204301075	83.2829620129
chr6_89511356_A_G	chr6	89511356	A	G	89511283	89511351	-3.61445783133	83.2829620129
chr6_89511366_C_A	chr6	89511366	C	A	89511283	89511351	-1.34719014627	83.2829620129
chr6_89511377_T_C	chr6	89511377	T	C	89511283	89511351	-1.71171171171	83.2829620129
chr6_89511379_T_C	chr6	89511379	T	C	89511283	89511351	4.72972972973	83.2829620129
chr6_89511387_T_C	chr6	89511387	T	C	89511283	89511351	3.13791807591	83.2829620129
chr6_89511389_AT_GT	chr6	89511389	AT	GT	89511283	89511351	-1.69660678643	83.2829620129
chr6_89511393_T_A	chr6	89511393	T	A	89511283	89511351	2.0020800832	83.2829620129
chr7_126341782_G_A	chr7	126341782	G	A	126341811	126341881	0.456305482756	88.1610257979
chr7_126341826_TGAA_T	chr7	126341826	TGAA	T	126341811	126341881	2.27480607887	88.1610257979
chr7_126341842_G_T	chr7	126341842	G	T	126341811	126341881	2.75313353551	88.1610257979
chr7_126341859_C_T	chr7	126341859	C	T	126341811	126341881	-3.76265565193	88.1610257979
chr7_126341875_C_T	chr7	126341875	C	T	126341811	126341881	-2.10365431563	88.1610257979
chr7_126341907_T_C	chr7	126341907	T	C	126341811	126341881	0.840817339772	88.1610257979
chr7_126341920_G_C	chr7	126341920	G	C	126341811	126341881	0.156007339863	88.1610257979
chr7_5972435_G_A	chr7	5972435	G	A	5972413	5972506	-28.334105228	41.5314274355
chr7_5972509_T_G	chr7	5972509	T	G	5972413	5972506	29.9809563339	41.5314274355
chr7_5972518_TAAA_T	chr7	5972518	TAAA	T	5972413	5972506	-35.8416223414	41.5314274355
chr8_69442816_ATTG_A	chr8	69442816	ATTG	A	69442828	69442914	-23.9405879794	28.420835927
chr8_69442819_G_A	chr8	69442819	G	A	69442828	69442914	-3.55496074725	28.420835927
chr8_69442840_G_A	chr8	69442840	G	A	69442828	69442914	-11.8734606754	28.420835927
